# Made in Blockbench 4.7.2
mtllib satellite.mtl

o shaft
v -0.28365384615384615 1.4375 0.04575317547305491
v -0.28365384615384615 1.4375 0.04575317547305491
v -0.28365384615384615 1.4509202387243698 0.04934911760148268
v -0.28365384615384615 1.4509202387243698 0.04934911760148268
v -0.28365384615384615 1.4542468245269453 0.016746824526945252
v -0.28365384615384615 1.4542468245269453 0.016746824526945252
v -0.28365384615384615 1.4640711211228872 0.026571121122887294
v -0.28365384615384615 1.4640711211228872 0.026571121122887294
v -0.28365384615384615 1.483253175473055 7.632783294297951e-17
v -0.28365384615384615 1.483253175473055 7.632783294297951e-17
v -0.28365384615384615 1.4868491176014826 0.013420238724369891
v -0.28365384615384615 1.4868491176014826 0.013420238724369891
v -0.28365384615384615 1.5167468245269453 7.632783294297951e-17
v -0.28365384615384615 1.5167468245269453 7.632783294297951e-17
v -0.28365384615384615 1.5131508823985174 0.013420238724369891
v -0.28365384615384615 1.5131508823985174 0.013420238724369891
v -0.28365384615384615 1.545753175473055 0.016746824526945245
v -0.28365384615384615 1.545753175473055 0.016746824526945245
v -0.28365384615384615 1.5359288788771128 0.026571121122887287
v -0.28365384615384615 1.5359288788771128 0.026571121122887287
v -0.28365384615384615 1.5625 0.045753175473054894
v -0.28365384615384615 1.5625 0.045753175473054894
v -0.28365384615384615 1.5490797612756302 0.04934911760148267
v -0.28365384615384615 1.5490797612756302 0.04934911760148267
v -0.28365384615384615 1.5625 0.07924682452694522
v -0.28365384615384615 1.5625 0.07924682452694522
v -0.28365384615384615 1.5490797612756302 0.07565088239851746
v -0.28365384615384615 1.5490797612756302 0.07565088239851746
v -0.28365384615384615 1.545753175473055 0.10825317547305491
v -0.28365384615384615 1.545753175473055 0.10825317547305491
v -0.28365384615384615 1.5359288788771128 0.09842887887711287
v -0.28365384615384615 1.5359288788771128 0.09842887887711287
v -0.28365384615384615 1.5167468245269453 0.12500000000000006
v -0.28365384615384615 1.5167468245269453 0.12500000000000006
v -0.28365384615384615 1.5131508823985174 0.11157976127563027
v -0.28365384615384615 1.5131508823985174 0.11157976127563027
v -0.28365384615384615 1.483253175473055 0.12500000000000006
v -0.28365384615384615 1.483253175473055 0.12500000000000006
v -0.28365384615384615 1.4868491176014826 0.11157976127563027
v -0.28365384615384615 1.4868491176014826 0.11157976127563027
v -0.28365384615384615 1.4542468245269453 0.10825317547305492
v -0.28365384615384615 1.4542468245269453 0.10825317547305492
v -0.28365384615384615 1.4640711211228874 0.09842887887711288
v -0.28365384615384615 1.4640711211228874 0.09842887887711288
v -0.28365384615384615 1.4375 0.07924682452694524
v -0.28365384615384615 1.4375 0.07924682452694524
v -0.28365384615384615 1.4509202387243698 0.07565088239851747
v -0.28365384615384615 1.4509202387243698 0.07565088239851747
v -0.5 1.5490797612756302 0.04934911760148262
v -0.5 1.5490797612756302 0.0756508823985174
v -0.5 1.5625 0.07924682452694518
v -0.5 1.5625 0.04575317547305484
v -0.5 1.5359288788771128 0.026571121122887238
v -0.5 1.545753175473055 0.016746824526945196
v -0.5 1.5131508823985174 0.013420238724369843
v -0.5 1.5167468245269453 2.7755575615628914e-17
v -0.5 1.4868491176014826 0.013420238724369843
v -0.5 1.483253175473055 2.7755575615628914e-17
v 0.0625 1.4542468245269453 0.016746824526945328
v 0.0625 1.483253175473055 1.5265566588595902e-16
v 0.0625 1.4868491176014826 0.013420238724369968
v 0.0625 1.4640711211228874 0.02657112112288737
v -0.5 1.4509202387243698 0.04934911760148263
v -0.5 1.4640711211228872 0.026571121122887245
v -0.5 1.454246824526945 0.016746824526945203
v -0.5 1.4375 0.045753175473054866
v -0.5 1.4509202387243698 0.07565088239851742
v -0.5 1.4375 0.07924682452694519
v 0.0625 1.4542468245269453 0.10825317547305499
v 0.0625 1.4375000000000002 0.07924682452694531
v 0.0625 1.45092023872437 0.07565088239851755
v 0.0625 1.4640711211228874 0.09842887887711296
v -0.5 1.4868491176014826 0.11157976127563021
v -0.5 1.4640711211228872 0.09842887887711282
v -0.5 1.454246824526945 0.10825317547305488
v -0.5 1.483253175473055 0.12500000000000003
v -0.5 1.5131508823985174 0.11157976127563021
v -0.5 1.516746824526945 0.12500000000000003
v -0.5 1.5359288788771128 0.09842887887711282
v -0.5 1.545753175473055 0.10825317547305485
v 0.0625 1.4375000000000002 0.04575317547305499
v 0.0625 1.4542468245269453 0.016746824526945328
v 0.0625 1.4640711211228874 0.02657112112288737
v 0.0625 1.45092023872437 0.04934911760148276
v 0.0625 1.4375000000000002 0.07924682452694531
v 0.0625 1.45092023872437 0.07565088239851755
v 0.0625 1.483253175473055 1.5265566588595902e-16
v 0.0625 1.5167468245269453 1.5265566588595902e-16
v 0.0625 1.5131508823985176 0.013420238724369968
v 0.0625 1.4868491176014826 0.013420238724369968
v 0.0625 1.545753175473055 0.01674682452694532
v 0.0625 1.5359288788771128 0.026571121122887363
v 0.0625 1.5625 0.04575317547305496
v 0.0625 1.5625000000000002 0.0792468245269453
v 0.0625 1.5490797612756304 0.07565088239851753
v 0.0625 1.5490797612756304 0.04934911760148274
v 0.0625 1.545753175473055 0.10825317547305499
v 0.0625 1.5359288788771128 0.09842887887711294
v 0.0625 1.5167468245269453 0.12500000000000017
v 0.0625 1.5131508823985176 0.11157976127563035
v 0.0625 1.483253175473055 0.12500000000000017
v 0.0625 1.4868491176014826 0.11157976127563035
v 0.0625 1.4542468245269453 0.10825317547305499
v 0.0625 1.4640711211228874 0.09842887887711296
v -0.5 1.4640711211228872 0.09842887887711282
v -0.5 1.4509202387243698 0.07565088239851742
v -0.5 1.4375 0.07924682452694519
v -0.5 1.454246824526945 0.10825317547305488
v -0.5 1.4640711211228872 0.026571121122887245
v -0.5 1.4868491176014826 0.013420238724369843
v -0.5 1.483253175473055 2.7755575615628914e-17
v -0.5 1.454246824526945 0.016746824526945203
vt 0 1
vt 0.0078125 1
vt 0.0078125 1
vt 0 1
vt 0.203125 0.9921875
vt 0.2109375 1
vt 0.2109375 1
vt 0.203125 0.9921875
vt 0.63654921875 0.8453937499999999
vt 0.639396875 0.84375
vt 0.640625 0.844978125
vt 0.6369984375 0.84707109375
vt 0.6369984375 0.47324140625
vt 0.640625 0.475334375
vt 0.639396875 0.4765625
vt 0.63654921875 0.47491874999999995
vt 0 1
vt 0.0078125 1
vt 0.0078125 1
vt 0 1
vt 0.2578125 0.9921875
vt 0.265625 1
vt 0.265625 1
vt 0.2578125 0.9921875
vt 0.658495703125 0.6122226562499999
vt 0.660139453125 0.609375
vt 0.661816796875 0.60982421875
vt 0.659723828125 0.6134507812500001
vt 0.667536328125 0.84748671875
vt 0.669629296875 0.85111328125
vt 0.667951953125 0.8515625
vt 0.666308203125 0.8487148437500001
vt 0 0.9921875
vt 0 1
vt 0 1
vt 0 0.9921875
vt 0 0.9921875
vt 0 1
vt 0 1
vt 0 0.9921875
vt 0.28738515625 0.99383125
vt 0.28738515625 0.9905437500000001
vt 0.2890625 0.99009453125
vt 0.2890625 0.99428046875
vt 0.2890625 0.91978203125
vt 0.2890625 0.92396796875
vt 0.28738515625 0.9235187499999999
vt 0.28738515625 0.9202312500000001
vt 0 0.9921875
vt 0 1
vt 0 1
vt 0 0.9921875
vt 0.265625 0.921875
vt 0.2578125 0.9296875
vt 0.2578125 0.9296875
vt 0.265625 0.921875
vt 0.28738515625 0.9905437500000001
vt 0.28574140625 0.98769609375
vt 0.28696953125 0.98646796875
vt 0.2890625 0.99009453125
vt 0.2890625 0.92396796875
vt 0.28696953125 0.92759453125
vt 0.28574140625 0.92636640625
vt 0.28738515625 0.9235187499999999
vt 0 0.9921875
vt 0 1
vt 0 1
vt 0 0.9921875
vt 0.296875 0.8515625
vt 0.2890625 0.859375
vt 0.2890625 0.859375
vt 0.296875 0.8515625
vt 0.28574140625 0.98769609375
vt 0.28289375 0.98605234375
vt 0.28334296875 0.984375
vt 0.28696953125 0.98646796875
vt 0.28696953125 0.92759453125
vt 0.28334296875 0.9296875
vt 0.28289375 0.92801015625
vt 0.28574140625 0.92636640625
vt 0.0078125 1
vt 0 1
vt 0 1
vt 0.0078125 1
vt 0.0078125 1
vt 0 1
vt 0 1
vt 0.0078125 1
vt 0.28289375 0.98605234375
vt 0.27960625 0.98605234375
vt 0.27915703125 0.984375
vt 0.28334296875 0.984375
vt 0.28334296875 0.9296875
vt 0.27915703125 0.9296875
vt 0.27960625 0.92801015625
vt 0.28289375 0.92801015625
vt 0.0078125 1
vt 0 1
vt 0 1
vt 0.0078125 1
vt 0.3046875 1
vt 0.296875 0.9921875
vt 0.296875 0.9921875
vt 0.3046875 1
vt 0.27960625 0.98605234375
vt 0.27675859375 0.98769609375
vt 0.27553046875 0.98646796875
vt 0.27915703125 0.984375
vt 0.27915703125 0.9296875
vt 0.27553046875 0.92759453125
vt 0.27675859375 0.92636640625
vt 0.27960625 0.92801015625
vt 0.0078125 1
vt 0 1
vt 0 1
vt 0.0078125 1
vt 0.3046875 0.9296875
vt 0.296875 0.921875
vt 0.296875 0.921875
vt 0.3046875 0.9296875
vt 0.27675859375 0.98769609375
vt 0.27511484375 0.9905437500000001
vt 0.2734375 0.99009453125
vt 0.27553046875 0.98646796875
vt 0.27553046875 0.92759453125
vt 0.2734375 0.92396796875
vt 0.27511484375 0.9235187499999999
vt 0.27675859375 0.92636640625
vt 0 1
vt 0 0.9921875
vt 0 0.9921875
vt 0 1
vt 0 1
vt 0 0.9921875
vt 0 0.9921875
vt 0 1
vt 0.27511484375 0.9905437500000001
vt 0.27511484375 0.9938312499999999
vt 0.2734375 0.99428046875
vt 0.2734375 0.99009453125
vt 0.2734375 0.92396796875
vt 0.2734375 0.91978203125
vt 0.27511484375 0.9202312500000001
vt 0.27511484375 0.9235187499999999
vt 0 1
vt 0 0.9921875
vt 0 0.9921875
vt 0 1
vt 0.4609375 0.8046875
vt 0.46875 0.796875
vt 0.46875 0.796875
vt 0.4609375 0.8046875
vt 0.27511484375 0.9938312499999999
vt 0.27675859375 0.99667890625
vt 0.27553046875 0.99790703125
vt 0.2734375 0.99428046875
vt 0.2734375 0.91978203125
vt 0.27553046875 0.91615546875
vt 0.27675859375 0.91738359375
vt 0.27511484375 0.9202312500000001
vt 0 1
vt 0 0.9921875
vt 0 0.9921875
vt 0 1
vt 0.5078125 0.640625
vt 0.515625 0.6328125
vt 0.515625 0.6328125
vt 0.5078125 0.640625
vt 0.667158984375 0.46875
vt 0.670006640625 0.47039375000000005
vt 0.669557421875 0.47207109375
vt 0.665930859375 0.469978125
vt 0.681555859375 0.850334375
vt 0.685182421875 0.84824140625
vt 0.685631640625 0.8499187500000001
vt 0.682783984375 0.8515625
vt 0 1
vt 0.0078125 1
vt 0.0078125 1
vt 0 1
vt 0 1
vt 0.0078125 1
vt 0.0078125 1
vt 0 1
vt 0.63326171875 0.8453937499999999
vt 0.63654921875 0.8453937499999999
vt 0.6369984375 0.84707109375
vt 0.6328125 0.84707109375
vt 0.6328125 0.47324140625
vt 0.6369984375 0.47324140625
vt 0.63654921875 0.47491874999999995
vt 0.63326171875 0.47491874999999995
vt 0.75616875 0.4140625
vt 0.7594562499999999 0.4140625
vt 0.7594562499999999 0.44110546875
vt 0.75616875 0.44110546875
vt 0.50571953125 0.38701953125
vt 0.50990546875 0.38701953125
vt 0.50990546875 0.4140625
vt 0.50571953125 0.4140625
vt 0.7594562499999999 0.4140625
vt 0.76274375 0.4140625
vt 0.76274375 0.44110546875
vt 0.7594562499999999 0.44110546875
vt 0.50153359375 0.38701953125
vt 0.50571953125 0.38701953125
vt 0.50571953125 0.4140625
vt 0.50153359375 0.4140625
vt 0.17249375 0.19951953125
vt 0.17578125 0.19951953125
vt 0.17578125 0.2265625
vt 0.17249375 0.2265625
vt 0.765625 0.97295703125
vt 0.7698109375 0.97295703125
vt 0.7698109375 1
vt 0.765625 1
vt 0.17578125 0.19951953125
vt 0.17906875 0.19951953125
vt 0.17906875 0.2265625
vt 0.17578125 0.2265625
vt 0.7614390625 0.97295703125
vt 0.765625 0.97295703125
vt 0.765625 1
vt 0.7614390625 1
vt 0.71875 0.6015625
vt 0.7265625 0.6015625
vt 0.7265625 0.625
vt 0.71875 0.625
vt 0.7265625 0.734375
vt 0.71875 0.734375
vt 0.71875 0.6875
vt 0.7265625 0.6875
vt 0.7265625 0.84375
vt 0.71875 0.84375
vt 0.71875 0.796875
vt 0.7265625 0.796875
vt 0.7265625 0.6796875
vt 0.71875 0.6796875
vt 0.71875 0.6328125
vt 0.7265625 0.6328125
vt 0.484375 0.28125
vt 0.4765625 0.28125
vt 0.4765625 0.234375
vt 0.484375 0.234375
vt 0.18811875 0.19951953125
vt 0.19140625 0.19951953125
vt 0.19140625 0.2265625
vt 0.18811875 0.2265625
vt 0.7578125 0.28125
vt 0.765625 0.28125
vt 0.765625 0.3046875
vt 0.7578125 0.3046875
vt 0.765625 0.9296875
vt 0.7698109375 0.9296875
vt 0.7698109375 0.95673046875
vt 0.765625 0.95673046875
vt 0.19140625 0.19951953125
vt 0.19469375 0.19951953125
vt 0.19469375 0.2265625
vt 0.19140625 0.2265625
vt 0.7614390625 0.9296875
vt 0.765625 0.9296875
vt 0.765625 0.95673046875
vt 0.7614390625 0.95673046875
vt 0.703125 0.828125
vt 0.7109375 0.828125
vt 0.7109375 0.8515625
vt 0.703125 0.8515625
vt 0.5703125 0.28125
vt 0.5625 0.28125
vt 0.5625 0.234375
vt 0.5703125 0.234375
vt 0.7265625 0.953125
vt 0.71875 0.953125
vt 0.71875 0.90625
vt 0.7265625 0.90625
vt 0.5546875 0.28125
vt 0.546875 0.28125
vt 0.546875 0.234375
vt 0.5546875 0.234375
vt 0.7265625 0.5390625
vt 0.71875 0.5390625
vt 0.71875 0.4921875
vt 0.7265625 0.4921875
vt 0.75288125 0.45733203125
vt 0.75616875 0.45733203125
vt 0.75616875 0.484375
vt 0.75288125 0.484375
vt 0.7578125 0.7578125
vt 0.765625 0.7578125
vt 0.765625 0.78125
vt 0.7578125 0.78125
vt 0.73646796875 0.45733203125
vt 0.74065390625 0.45733203125
vt 0.74065390625 0.484375
vt 0.73646796875 0.484375
vt 0.75616875 0.45733203125
vt 0.7594562499999999 0.45733203125
vt 0.7594562499999999 0.484375
vt 0.75616875 0.484375
vt 0.73228203125 0.45733203125
vt 0.73646796875 0.45733203125
vt 0.73646796875 0.484375
vt 0.73228203125 0.484375
vt 0.7594562499999999 0.45733203125
vt 0.76274375 0.45733203125
vt 0.76274375 0.484375
vt 0.7594562499999999 0.484375
vt 0.72809609375 0.45733203125
vt 0.73228203125 0.45733203125
vt 0.73228203125 0.484375
vt 0.72809609375 0.484375
vt 0.75288125 0.4140625
vt 0.75616875 0.4140625
vt 0.75616875 0.44110546875
vt 0.75288125 0.44110546875
vt 0.50990546875 0.38701953125
vt 0.51409140625 0.38701953125
vt 0.51409140625 0.4140625
vt 0.50990546875 0.4140625
vt 0.7463734375 1
vt 0.7421875 1
vt 0.7421875 0.95673046875
vt 0.7463734375 0.95673046875
vt 0.5390625 0.28125
vt 0.53125 0.28125
vt 0.53125 0.234375
vt 0.5390625 0.234375
vt 0.75390625 0.6484375
vt 0.75061875 0.6484375
vt 0.75061875 0.60516796875
vt 0.75390625 0.60516796875
vt 0.7421875 1
vt 0.7380015625 1
vt 0.7380015625 0.95673046875
vt 0.7421875 0.95673046875
vt 0.75719375 0.6484375
vt 0.75390625 0.6484375
vt 0.75390625 0.60516796875
vt 0.75719375 0.60516796875
vt 0.7265625 0.8984375
vt 0.71875 0.8984375
vt 0.71875 0.8515625
vt 0.7265625 0.8515625
vt 0.7421875 0.9453125
vt 0.7380015625 0.9453125
vt 0.7380015625 0.90204296875
vt 0.7421875 0.90204296875
vt 0.75719375 0.703125
vt 0.75390625 0.703125
vt 0.75390625 0.65985546875
vt 0.75719375 0.65985546875
vt 0.7265625 0.7890625
vt 0.71875 0.7890625
vt 0.71875 0.7421875
vt 0.7265625 0.7421875
vt 0.7463734375 0.9453125
vt 0.7421875 0.9453125
vt 0.7421875 0.90204296875
vt 0.7463734375 0.90204296875
vt 0.75390625 0.703125
vt 0.75061875 0.703125
vt 0.75061875 0.65985546875
vt 0.75390625 0.65985546875
vt 0.02553046875 0.3046875
vt 0.02134453125 0.3046875
vt 0.02134453125 0.26141796875
vt 0.02553046875 0.26141796875
vt 0.7203937499999999 0.4375
vt 0.71710625 0.4375
vt 0.71710625 0.39423046875
vt 0.7203937499999999 0.39423046875
vt 0.02134453125 0.3046875
vt 0.01715859375 0.3046875
vt 0.01715859375 0.26141796875
vt 0.02134453125 0.26141796875
vt 0.72368125 0.4375
vt 0.7203937499999999 0.4375
vt 0.7203937499999999 0.39423046875
vt 0.72368125 0.39423046875
vt 0.02971640625 0.3046875
vt 0.02553046875 0.3046875
vt 0.02553046875 0.26141796875
vt 0.02971640625 0.26141796875
vt 0.71710625 0.4375
vt 0.71381875 0.4375
vt 0.71381875 0.39423046875
vt 0.71710625 0.39423046875
vt 0.44321953125 0.3125
vt 0.43903359375 0.3125
vt 0.43903359375 0.26923046875
vt 0.44321953125 0.26923046875
vt 0.72368125 0.59375
vt 0.7203937499999999 0.59375
vt 0.7203937499999999 0.55048046875
vt 0.72368125 0.55048046875
vt 0.44740546875 0.3125
vt 0.44321953125 0.3125
vt 0.44321953125 0.26923046875
vt 0.44740546875 0.26923046875
vt 0.7203937499999999 0.59375
vt 0.71710625 0.59375
vt 0.71710625 0.55048046875
vt 0.7203937499999999 0.55048046875
vt 0.45159140625 0.3125
vt 0.44740546875 0.3125
vt 0.44740546875 0.26923046875
vt 0.45159140625 0.26923046875
vt 0.46875 0.28125
vt 0.4609375 0.28125
vt 0.4609375 0.234375
vt 0.46875 0.234375
vt 0.71710625 0.59375
vt 0.71381875 0.59375
vt 0.71381875 0.55048046875
vt 0.71710625 0.55048046875
vt 0.0625 0.2109375
vt 0.0703125 0.2109375
vt 0.0703125 0.234375
vt 0.0625 0.234375
vt 0.703125 0.6328125
vt 0.7109375 0.6328125
vt 0.7109375 0.65625
vt 0.703125 0.65625
vt 0.7578125 0.21875
vt 0.765625 0.21875
vt 0.765625 0.2421875
vt 0.7578125 0.2421875
vt 0.7578125 0.7265625
vt 0.765625 0.7265625
vt 0.765625 0.75
vt 0.7578125 0.75
vt 0.7578125 0.7890625
vt 0.765625 0.7890625
vt 0.765625 0.8125
vt 0.7578125 0.8125
vt 0.734375 0.4921875
vt 0.7421875 0.4921875
vt 0.7421875 0.515625
vt 0.734375 0.515625
vt 0.7578125 0.8203125
vt 0.765625 0.8203125
vt 0.765625 0.84375
vt 0.7578125 0.84375
vt 0.7578125 0.25
vt 0.765625 0.25
vt 0.765625 0.2734375
vt 0.7578125 0.2734375
vn 0 0 0
vn 0 0 0
vn -1 -2.220446049250313e-16 -2.220446049250313e-16
vn 1 2.220446049250313e-16 2.220446049250313e-16
vn 0 0 0
vn 0 0 0
vn -1 -2.220446049250313e-16 -2.220446049250313e-16
vn 1 2.220446049250313e-16 2.220446049250313e-16
vn 0 0 0
vn 0 0 0
vn -1 -2.220446049250313e-16 -2.220446049250313e-16
vn 1 2.220446049250313e-16 2.220446049250313e-16
vn 0 0 0
vn 0 0 0
vn -1 -2.220446049250313e-16 -2.220446049250313e-16
vn 1 2.220446049250313e-16 2.220446049250313e-16
vn 0 0 0
vn 0 0 0
vn -1 -2.220446049250313e-16 -2.220446049250313e-16
vn 1 2.220446049250313e-16 2.220446049250313e-16
vn 0 0 0
vn 0 0 0
vn -1 -2.220446049250313e-16 -2.220446049250313e-16
vn 1 2.220446049250313e-16 2.220446049250313e-16
vn 0 0 0
vn 0 0 0
vn -1 -2.220446049250313e-16 -2.220446049250313e-16
vn 1 2.220446049250313e-16 2.220446049250313e-16
vn 0 0 0
vn 0 0 0
vn -1 -2.220446049250313e-16 -2.220446049250313e-16
vn 1 2.220446049250313e-16 2.220446049250313e-16
vn 0 0 0
vn 0 0 0
vn -1 -2.220446049250313e-16 -2.220446049250313e-16
vn 1 2.220446049250313e-16 2.220446049250313e-16
vn 0 0 0
vn 0 0 0
vn -1 -2.220446049250313e-16 -2.220446049250313e-16
vn 1 2.220446049250313e-16 2.220446049250313e-16
vn 0 0 0
vn 0 0 0
vn -1 -2.220446049250313e-16 -2.220446049250313e-16
vn 1 2.220446049250313e-16 2.220446049250313e-16
vn 0 0 0
vn 0 0 0
vn -1 -2.220446049250313e-16 -2.220446049250313e-16
vn 1 2.220446049250313e-16 2.220446049250313e-16
vn 1.578983857244666e-16 -1 5.276371344244936e-16
vn -2.220446049250313e-16 1 -4.930380657631324e-32
vn 2.4113276613187334e-17 -0.8660254037844388 0.4999999999999997
vn 1.0187351013322361e-18 0.8660254037844386 -0.5000000000000004
vn -1.289078741447186e-16 -0.5000000000000001 0.8660254037844386
vn 8.12739661758406e-17 0.5000000000000004 -0.8660254037844385
vn -2.220446049250313e-16 0 1
vn 2.220446049250313e-16 0 -1
vn 7.810639541685272e-17 -0.9659258262890683 0.2588190451025207
vn 2.846156844469692e-16 -0.5000000000000004 -0.8660254037844386
vn -5.978966227632018e-17 0.9659258262890683 -0.2588190451025207
vn -2.556846631319942e-16 0.5000000000000002 0.8660254037844387
vn -5.635917889394599e-17 -0.7071067811865483 0.7071067811865468
vn -2.7473822631954536e-16 0.8660254037844387 0.5000000000000003
vn 6.763101467273567e-17 0.7071067811865472 -0.7071067811865478
vn 2.7339395245462735e-16 -0.8660254037844387 -0.4999999999999999
vn -1.89971495324749e-16 1 -4.2182145626401324e-32
vn 1.258252761241844e-16 -1 2.79388237265775e-32
vn -2.471499523887673e-16 0.2588190451025208 0.9659258262890684
vn 8.127396617584073e-17 -0.8660254037844387 0.5000000000000001
vn 2.7194799110210365e-16 -0.2588190451025206 -0.9659258262890683
vn -6.341125068751188e-17 0.8660254037844393 -0.49999999999999906
vn -2.4356951811932205e-16 0.7071067811865488 0.7071067811865462
vn 1.1938109255094324e-16 0.49999999999999956 -0.8660254037844392
vn 2.68931148621598e-16 -0.707106781186547 -0.707106781186548
vn -8.127396617584104e-17 -0.49999999999999917 0.8660254037844392
vn 2.220446049250313e-16 0 -1
vn -2.220446049250313e-16 0 1
vn 2.556846631319942e-16 -0.49999999999999983 -0.8660254037844387
vn -2.5843164313150504e-16 0.49999999999999983 0.8660254037844387
vn 2.4615788153821854e-16 -0.8660254037844392 -0.49999999999999917
vn -2.5095048846994385e-16 0.8660254037844393 0.4999999999999993
vn 3.0331857110087204e-16 -0.8660254037844387 -0.49999999999999983
vn 2.8179589446972837e-17 0.7071067811865483 -0.7071067811865468
vn -2.318677091475551e-16 0.8660254037844392 0.4999999999999992
vn 2.220446049250313e-16 -1 4.930380657631324e-32
vn -2.0199891142485487e-16 1 -4.485276848261829e-32
vn -2.6772105268505764e-16 0.2588190451025206 0.9659258262890683
vn 2.220446049250313e-16 0 -1
vn -2.220446049250313e-16 0 1
vn 6.542558016571482e-17 -0.9659258262890683 0.2588190451025207
vn 1.2803118281059807e-16 0.4999999999999997 -0.8660254037844388
vn -1.2890787414471863e-16 -0.5 0.8660254037844387
vn -2.2204460492503116e-16 1 -6.215113103450818e-16
vn 2.2204460492503106e-16 -1 1.0552742688489872e-15
vn -8.127396617584079e-17 0.8660254037844387 -0.49999999999999983
vn 4.5548535199182215e-17 -0.8660254037844385 0.5000000000000003
vn -3.0331857110087204e-16 0.8660254037844388 0.49999999999999983
vn 2.378219476436651e-16 -0.8660254037844386 -0.5000000000000003
vn -2.799399627834934e-16 0.49999999999999956 0.8660254037844389
vn 2.556846631319942e-16 -0.4999999999999999 -0.8660254037844387
vn -2.220446049250313e-16 0 1
vn 2.220446049250313e-16 0 -1
vn -1.3270690447407389e-16 -0.49999999999999983 0.8660254037844388
vn 3.1401849173675503e-16 -0.7071067811865488 -0.7071067811865462
vn 1.3486211264082853e-16 0.49999999999999956 -0.8660254037844392
vn -2.411327661318734e-17 0.8660254037844388 -0.5000000000000001
vn 2.629305224790723e-16 -0.2588190451025208 -0.9659258262890684
vn -1.018735101331891e-18 -0.866025403784439 0.4999999999999996
vn -3.14018491736755e-16 0.707106781186547 0.707106781186548
vn -2.556846631319942e-16 0.5000000000000002 0.8660254037844387
vn -7.134329394957919e-17 0.9659258262890683 -0.2588190451025207
vn 2.584316431315051e-16 -0.5 -0.8660254037844388
vn -2.254367155757864e-17 -0.7071067811865472 0.7071067811865478
usemtl m_11845850-9d74-0af3-9624-28c2ed61c2c1
f 1/1/1 5/2/1 6/3/1 2/4/1
f 4/5/2 8/6/2 7/7/2 3/8/2
f 63/9/3 64/10/3 65/11/3 66/12/3
f 81/13/4 82/14/4 83/15/4 84/16/4
f 5/17/5 9/18/5 10/19/5 6/20/5
f 8/21/6 12/22/6 11/23/6 7/24/6
f 109/25/7 110/26/7 111/27/7 112/28/7
f 59/29/8 60/30/8 61/31/8 62/32/8
f 9/33/9 13/34/9 14/35/9 10/36/9
f 12/37/10 16/38/10 15/39/10 11/40/10
f 57/41/11 55/42/11 56/43/11 58/44/11
f 87/45/12 88/46/12 89/47/12 90/48/12
f 13/49/13 17/50/13 18/51/13 14/52/13
f 16/53/14 20/54/14 19/55/14 15/56/14
f 55/57/15 53/58/15 54/59/15 56/60/15
f 88/61/16 91/62/16 92/63/16 89/64/16
f 17/65/17 21/66/17 22/67/17 18/68/17
f 20/69/18 24/70/18 23/71/18 19/72/18
f 53/73/19 49/74/19 52/75/19 54/76/19
f 91/77/20 93/78/20 96/79/20 92/80/20
f 21/81/21 25/82/21 26/83/21 22/84/21
f 24/85/22 28/86/22 27/87/22 23/88/22
f 49/89/23 50/90/23 51/91/23 52/92/23
f 93/93/24 94/94/24 95/95/24 96/96/24
f 25/97/25 29/98/25 30/99/25 26/100/25
f 28/101/26 32/102/26 31/103/26 27/104/26
f 50/105/27 79/106/27 80/107/27 51/108/27
f 94/109/28 97/110/28 98/111/28 95/112/28
f 29/113/29 33/114/29 34/115/29 30/116/29
f 32/117/30 36/118/30 35/119/30 31/120/30
f 79/121/31 77/122/31 78/123/31 80/124/31
f 97/125/32 99/126/32 100/127/32 98/128/32
f 33/129/33 37/130/33 38/131/33 34/132/33
f 36/133/34 40/134/34 39/135/34 35/136/34
f 77/137/35 73/138/35 76/139/35 78/140/35
f 99/141/36 101/142/36 102/143/36 100/144/36
f 37/145/37 41/146/37 42/147/37 38/148/37
f 40/149/38 44/150/38 43/151/38 39/152/38
f 73/153/39 74/154/39 75/155/39 76/156/39
f 101/157/40 103/158/40 104/159/40 102/160/40
f 41/161/41 45/162/41 46/163/41 42/164/41
f 44/165/42 48/166/42 47/167/42 43/168/42
f 105/169/43 106/170/43 107/171/43 108/172/43
f 69/173/44 70/174/44 71/175/44 72/176/44
f 45/177/45 1/178/45 2/179/45 46/180/45
f 48/181/46 4/182/46 3/183/46 47/184/46
f 67/185/47 63/186/47 66/187/47 68/188/47
f 85/189/48 81/190/48 84/191/48 86/192/48
f 50/193/49 49/194/49 23/195/49 27/196/49
f 52/197/50 51/198/50 25/199/50 21/200/50
f 49/201/51 53/202/51 19/203/51 23/204/51
f 54/205/52 52/206/52 21/207/52 17/208/52
f 53/209/53 55/210/53 15/211/53 19/212/53
f 56/213/54 54/214/54 17/215/54 13/216/54
f 55/217/55 57/218/55 11/219/55 15/220/55
f 58/221/56 56/222/56 13/223/56 9/224/56
f 57/225/57 58/226/57 9/227/57 11/228/57
f 60/229/58 59/230/58 6/231/58 10/232/58
f 61/233/59 60/234/59 10/235/59 12/236/59
f 62/237/60 61/238/60 12/239/60 8/240/60
f 59/241/61 62/242/61 8/243/61 6/244/61
f 64/245/62 63/246/62 3/247/62 7/248/62
f 65/249/63 64/250/63 7/251/63 5/252/63
f 66/253/64 65/254/64 5/255/64 1/256/64
f 63/257/65 67/258/65 47/259/65 3/260/65
f 68/261/66 66/262/66 1/263/66 45/264/66
f 67/265/67 68/266/67 45/267/67 47/268/67
f 70/269/68 69/270/68 42/271/68 46/272/68
f 71/273/69 70/274/69 46/275/69 48/276/69
f 72/277/70 71/278/70 48/279/70 44/280/70
f 69/281/71 72/282/71 44/283/71 42/284/71
f 74/285/72 73/286/72 39/287/72 43/288/72
f 75/289/73 74/290/73 43/291/73 41/292/73
f 76/293/74 75/294/74 41/295/74 37/296/74
f 73/297/75 77/298/75 35/299/75 39/300/75
f 78/301/76 76/302/76 37/303/76 33/304/76
f 77/305/77 79/306/77 31/307/77 35/308/77
f 80/309/78 78/310/78 33/311/78 29/312/78
f 79/313/79 50/314/79 27/315/79 31/316/79
f 51/317/80 80/318/80 29/319/80 25/320/80
f 82/321/81 81/322/81 2/323/81 6/324/81
f 83/325/82 82/326/82 6/327/82 8/328/82
f 84/329/83 83/330/83 8/331/83 4/332/83
f 81/333/84 85/334/84 46/335/84 2/336/84
f 86/337/85 84/338/85 4/339/85 48/340/85
f 85/341/86 86/342/86 48/343/86 46/344/86
f 88/345/87 87/346/87 10/347/87 14/348/87
f 90/349/88 89/350/88 16/351/88 12/352/88
f 87/353/89 90/354/89 12/355/89 10/356/89
f 91/357/90 88/358/90 14/359/90 18/360/90
f 89/361/91 92/362/91 20/363/91 16/364/91
f 94/365/92 93/366/92 22/367/92 26/368/92
f 96/369/93 95/370/93 28/371/93 24/372/93
f 93/373/94 91/374/94 18/375/94 22/376/94
f 92/377/95 96/378/95 24/379/95 20/380/95
f 97/381/96 94/382/96 26/383/96 30/384/96
f 95/385/97 98/386/97 32/387/97 28/388/97
f 99/389/98 97/390/98 30/391/98 34/392/98
f 98/393/99 100/394/99 36/395/99 32/396/99
f 101/397/100 99/398/100 34/399/100 38/400/100
f 100/401/101 102/402/101 40/403/101 36/404/101
f 103/405/102 101/406/102 38/407/102 42/408/102
f 104/409/103 103/410/103 42/411/103 44/412/103
f 102/413/104 104/414/104 44/415/104 40/416/104
f 106/417/105 105/418/105 43/419/105 47/420/105
f 107/421/106 106/422/106 47/423/106 45/424/106
f 108/425/107 107/426/107 45/427/107 41/428/107
f 105/429/108 108/430/108 41/431/108 43/432/108
f 110/433/109 109/434/109 7/435/109 11/436/109
f 111/437/110 110/438/110 11/439/110 9/440/110
f 112/441/111 111/442/111 9/443/111 5/444/111
f 109/445/112 112/446/112 5/447/112 7/448/112
o panel_base
v -0.4374999999999999 1.279029130879204 -0.2468592167691145
v -1.9375 1.279029130879204 -0.24685921676911482
v -0.4375 1.1906407832308854 -0.15847086912079605
v -1.9375 1.1906407832308854 -0.1584708691207964
v -0.4375 1.8093592167691146 0.2834708691207961
v -1.9375 1.8093592167691146 0.2834708691207958
v -0.4375000000000001 1.720970869120796 0.3718592167691146
v -1.9375 1.720970869120796 0.37185921676911426
vt 0.6953125 0.8359375
vt 0.5078125 0.8359375
vt 0.5078125 0.8203125
vt 0.6953125 0.8203125
vt 0.5234375 0.4453125
vt 0.5234375 0.4609375
vt 0.3359375 0.4609375
vt 0.3359375 0.4453125
vt 0 0.8125
vt 0.09375 0.8125
vt 0.09375 1
vt 0 1
vt 0.1953125 0.8125
vt 0.1953125 1
vt 0.1015625 1
vt 0.1015625 0.8125
vt 0.671875 0.625
vt 0.671875 0.640625
vt 0.578125 0.640625
vt 0.578125 0.625
vt 0.5078125 0.375
vt 0.4140625 0.375
vt 0.4140625 0.359375
vt 0.5078125 0.359375
vn 1.570092458683775e-16 -0.7071067811865476 -0.7071067811865475
vn -1.570092458683775e-16 0.7071067811865476 0.7071067811865475
vn 1.5700924586837752e-16 0.7071067811865475 -0.7071067811865476
vn -1.5700924586837752e-16 -0.7071067811865475 0.7071067811865476
vn 1 0 2.220446049250313e-16
vn -1 0 -2.220446049250313e-16
usemtl m_11845850-9d74-0af3-9624-28c2ed61c2c1
f 114/449/113 113/450/113 115/451/113 116/452/113
f 119/453/114 117/454/114 118/455/114 120/456/114
f 117/457/115 113/458/115 114/459/115 118/460/115
f 116/461/116 115/462/116 119/463/116 120/464/116
f 115/465/117 113/466/117 117/467/117 119/468/117
f 118/469/118 114/470/118 116/471/118 120/472/118
o right
v -1.4375 1.3285849570550448 -0.29641504294495546
v -1.8125 1.3285849570550448 -0.2964150429449556
v -1.4375 1.3285849570550448 -0.29641504294495546
v -1.8125 1.3285849570550448 -0.2964150429449556
v -1.4375 1.8589150429449552 0.23391504294495513
v -1.8125 1.8589150429449552 0.23391504294495502
v -1.4375 1.8589150429449552 0.23391504294495513
v -1.8125 1.8589150429449552 0.23391504294495502
vt 0 0.953125
vt 0 0.953125
vt 0 1
vt 0 1
vt 0 0.953125
vt 0 1
vt 0 0.953125
vt 0 1
vt 0 0.5625
vt 0.09375 0.5625
vt 0.09375 0.609375
vt 0 0.609375
vt 0.5 0.8125
vt 0.5 0.859375
vt 0.40625 0.859375
vt 0.40625 0.8125
vt 0.09375 1
vt 0 1
vt 0.09375 1
vt 0 1
vt 0.09375 1
vt 0.09375 1
vt 0 1
vt 0 1
vn 0 0 0
vn 0 0 0
vn 1.5700924586837752e-16 0.7071067811865475 -0.7071067811865476
vn -1.5700924586837752e-16 -0.7071067811865475 0.7071067811865476
vn 0 0 0
vn 0 0 0
usemtl m_11845850-9d74-0af3-9624-28c2ed61c2c1
f 121/473/119 123/474/119 122/475/119 124/476/119
f 125/477/120 126/478/120 127/479/120 128/480/120
f 125/481/121 121/482/121 122/483/121 126/484/121
f 124/485/122 123/486/122 127/487/122 128/488/122
f 121/489/123 125/490/123 123/491/123 127/492/123
f 122/493/124 124/494/124 126/495/124 128/496/124
o left
v -0.5625 1.3285849570550448 -0.29641504294495524
v -0.9375 1.3285849570550448 -0.29641504294495535
v -0.5625 1.3285849570550448 -0.29641504294495524
v -0.9375 1.3285849570550448 -0.29641504294495535
v -0.5625 1.8589150429449552 0.23391504294495533
v -0.9375 1.8589150429449552 0.23391504294495521
v -0.5625 1.8589150429449552 0.23391504294495533
v -0.9375 1.8589150429449552 0.23391504294495521
vt 0 0.953125
vt 0 0.953125
vt 0 1
vt 0 1
vt 0 0.953125
vt 0 1
vt 0 0.953125
vt 0 1
vt 0.3671875 0.8671875
vt 0.4609375 0.8671875
vt 0.4609375 0.9140625
vt 0.3671875 0.9140625
vt 0.3984375 0.5859375
vt 0.3984375 0.6328125
vt 0.3046875 0.6328125
vt 0.3046875 0.5859375
vt 0.09375 1
vt 0 1
vt 0.09375 1
vt 0 1
vt 0.09375 1
vt 0.09375 1
vt 0 1
vt 0 1
vn 0 0 0
vn 0 0 0
vn 1.5700924586837752e-16 0.7071067811865475 -0.7071067811865476
vn -1.5700924586837752e-16 -0.7071067811865475 0.7071067811865476
vn 0 0 0
vn 0 0 0
usemtl m_11845850-9d74-0af3-9624-28c2ed61c2c1
f 129/497/125 131/498/125 130/499/125 132/500/125
f 133/501/126 134/502/126 135/503/126 136/504/126
f 133/505/127 129/506/127 130/507/127 134/508/127
f 132/509/128 131/510/128 135/511/128 136/512/128
f 129/513/129 133/514/129 131/515/129 135/516/129
f 130/517/130 132/518/130 134/519/130 136/520/130
o middle
v -1 1.3285849570550448 -0.29641504294495535
v -1.375 1.3285849570550448 -0.29641504294495546
v -1 1.3285849570550448 -0.29641504294495535
v -1.375 1.3285849570550448 -0.29641504294495546
v -1 1.8589150429449552 0.23391504294495524
v -1.375 1.8589150429449552 0.23391504294495513
v -1 1.8589150429449552 0.23391504294495524
v -1.375 1.8589150429449552 0.23391504294495513
vt 0 0.953125
vt 0 0.953125
vt 0 1
vt 0 1
vt 0 0.953125
vt 0 1
vt 0 0.953125
vt 0 1
vt 0.375 0.7421875
vt 0.46875 0.7421875
vt 0.46875 0.7890625
vt 0.375 0.7890625
vt 0.4765625 0.6875
vt 0.4765625 0.734375
vt 0.3828125 0.734375
vt 0.3828125 0.6875
vt 0.09375 1
vt 0 1
vt 0.09375 1
vt 0 1
vt 0.09375 1
vt 0.09375 1
vt 0 1
vt 0 1
vn 0 0 0
vn 0 0 0
vn 1.5700924586837752e-16 0.7071067811865475 -0.7071067811865476
vn -1.5700924586837752e-16 -0.7071067811865475 0.7071067811865476
vn 0 0 0
vn 0 0 0
usemtl m_11845850-9d74-0af3-9624-28c2ed61c2c1
f 137/521/131 139/522/131 138/523/131 140/524/131
f 141/525/132 142/526/132 143/527/132 144/528/132
f 141/529/133 137/530/133 138/531/133 142/532/133
f 140/533/134 139/534/134 143/535/134 144/536/134
f 137/537/135 141/538/135 139/539/135 143/540/135
f 138/541/136 140/542/136 142/543/136 144/544/136
o left
v -1.4375 1.1410849570550448 -0.10891504294495546
v -1.8125 1.1410849570550448 -0.10891504294495558
v -1.4375 1.1410849570550448 -0.10891504294495546
v -1.8125 1.1410849570550448 -0.10891504294495558
v -1.4375 1.6714150429449552 0.42141504294495513
v -1.8125 1.6714150429449552 0.421415042944955
v -1.4375 1.6714150429449552 0.42141504294495513
v -1.8125 1.6714150429449552 0.421415042944955
vt 0 0.953125
vt 0 0.953125
vt 0 1
vt 0 1
vt 0 0.953125
vt 0 1
vt 0 0.953125
vt 0 1
vt 0.40625 0.6328125
vt 0.5 0.6328125
vt 0.5 0.6796875
vt 0.40625 0.6796875
vt 0.5 0.578125
vt 0.5 0.625
vt 0.40625 0.625
vt 0.40625 0.578125
vt 0.09375 1
vt 0 1
vt 0.09375 1
vt 0 1
vt 0.09375 1
vt 0.09375 1
vt 0 1
vt 0 1
vn 0 0 0
vn 0 0 0
vn 1.5700924586837752e-16 0.7071067811865475 -0.7071067811865476
vn -1.5700924586837752e-16 -0.7071067811865475 0.7071067811865476
vn 0 0 0
vn 0 0 0
usemtl m_11845850-9d74-0af3-9624-28c2ed61c2c1
f 145/545/137 147/546/137 146/547/137 148/548/137
f 149/549/138 150/550/138 151/551/138 152/552/138
f 149/553/139 145/554/139 146/555/139 150/556/139
f 148/557/140 147/558/140 151/559/140 152/560/140
f 145/561/141 149/562/141 147/563/141 151/564/141
f 146/565/142 148/566/142 150/567/142 152/568/142
o middle
v -1 1.1410849570550448 -0.10891504294495535
v -1.375 1.1410849570550448 -0.10891504294495546
v -1 1.1410849570550448 -0.10891504294495535
v -1.375 1.1410849570550448 -0.10891504294495546
v -1 1.6714150429449552 0.42141504294495524
v -1.375 1.6714150429449552 0.42141504294495513
v -1 1.6714150429449552 0.42141504294495524
v -1.375 1.6714150429449552 0.42141504294495513
vt 0 0.953125
vt 0 0.953125
vt 0 1
vt 0 1
vt 0 0.953125
vt 0 1
vt 0 0.953125
vt 0 1
vt 0.1015625 0.53125
vt 0.1953125 0.53125
vt 0.1953125 0.578125
vt 0.1015625 0.578125
vt 0.390625 0.53125
vt 0.390625 0.578125
vt 0.296875 0.578125
vt 0.296875 0.53125
vt 0.09375 1
vt 0 1
vt 0.09375 1
vt 0 1
vt 0.09375 1
vt 0.09375 1
vt 0 1
vt 0 1
vn 0 0 0
vn 0 0 0
vn 1.5700924586837752e-16 0.7071067811865475 -0.7071067811865476
vn -1.5700924586837752e-16 -0.7071067811865475 0.7071067811865476
vn 0 0 0
vn 0 0 0
usemtl m_11845850-9d74-0af3-9624-28c2ed61c2c1
f 153/569/143 155/570/143 154/571/143 156/572/143
f 157/573/144 158/574/144 159/575/144 160/576/144
f 157/577/145 153/578/145 154/579/145 158/580/145
f 156/581/146 155/582/146 159/583/146 160/584/146
f 153/585/147 157/586/147 155/587/147 159/588/147
f 154/589/148 156/590/148 158/591/148 160/592/148
o right
v -0.5625 1.1410849570550448 -0.10891504294495527
v -0.9375 1.1410849570550448 -0.10891504294495538
v -0.5625 1.1410849570550448 -0.10891504294495527
v -0.9375 1.1410849570550448 -0.10891504294495538
v -0.5625 1.6714150429449552 0.42141504294495535
v -0.9375 1.6714150429449552 0.42141504294495524
v -0.5625 1.6714150429449552 0.42141504294495535
v -0.9375 1.6714150429449552 0.42141504294495524
vt 0 0.953125
vt 0 0.953125
vt 0 1
vt 0 1
vt 0 0.953125
vt 0 1
vt 0 0.953125
vt 0 1
vt 0.3984375 0.5234375
vt 0.4921875 0.5234375
vt 0.4921875 0.5703125
vt 0.3984375 0.5703125
vt 0.09375 0.5078125
vt 0.09375 0.5546875
vt 0 0.5546875
vt 0 0.5078125
vt 0.09375 1
vt 0 1
vt 0.09375 1
vt 0 1
vt 0.09375 1
vt 0.09375 1
vt 0 1
vt 0 1
vn 0 0 0
vn 0 0 0
vn 1.5700924586837752e-16 0.7071067811865475 -0.7071067811865476
vn -1.5700924586837752e-16 -0.7071067811865475 0.7071067811865476
vn 0 0 0
vn 0 0 0
usemtl m_11845850-9d74-0af3-9624-28c2ed61c2c1
f 161/593/149 163/594/149 162/595/149 164/596/149
f 165/597/150 166/598/150 167/599/150 168/600/150
f 165/601/151 161/602/151 162/603/151 166/604/151
f 164/605/152 163/606/152 167/607/152 168/608/152
f 161/609/153 165/610/153 163/611/153 167/612/153
f 162/613/154 164/614/154 166/615/154 168/616/154
o shaft
v 0.15384615384615385 1.4375 0.045753175473055005
v 0.15384615384615385 1.4375 0.045753175473055005
v 0.15384615384615385 1.4509202387243698 0.04934911760148278
v 0.15384615384615385 1.4509202387243698 0.04934911760148278
v 0.15384615384615385 1.4542468245269453 0.01674682452694535
v 0.15384615384615385 1.4542468245269453 0.01674682452694535
v 0.15384615384615385 1.4640711211228872 0.02657112112288739
v 0.15384615384615385 1.4640711211228872 0.02657112112288739
v 0.15384615384615385 1.483253175473055 1.734723475976807e-16
v 0.15384615384615385 1.483253175473055 1.734723475976807e-16
v 0.15384615384615385 1.4868491176014826 0.013420238724369989
v 0.15384615384615385 1.4868491176014826 0.013420238724369989
v 0.15384615384615385 1.5167468245269453 1.734723475976807e-16
v 0.15384615384615385 1.5167468245269453 1.734723475976807e-16
v 0.15384615384615385 1.5131508823985174 0.013420238724369989
v 0.15384615384615385 1.5131508823985174 0.013420238724369989
v 0.15384615384615385 1.545753175473055 0.016746824526945342
v 0.15384615384615385 1.545753175473055 0.016746824526945342
v 0.15384615384615385 1.5359288788771128 0.026571121122887384
v 0.15384615384615385 1.5359288788771128 0.026571121122887384
v 0.15384615384615385 1.5625 0.04575317547305499
v 0.15384615384615385 1.5625 0.04575317547305499
v 0.15384615384615385 1.5490797612756302 0.049349117601482764
v 0.15384615384615385 1.5490797612756302 0.049349117601482764
v 0.15384615384615385 1.5625 0.07924682452694531
v 0.15384615384615385 1.5625 0.07924682452694531
v 0.15384615384615385 1.5490797612756302 0.07565088239851755
v 0.15384615384615385 1.5490797612756302 0.07565088239851755
v 0.15384615384615385 1.545753175473055 0.108253175473055
v 0.15384615384615385 1.545753175473055 0.108253175473055
v 0.15384615384615385 1.5359288788771128 0.09842887887711296
v 0.15384615384615385 1.5359288788771128 0.09842887887711296
v 0.15384615384615385 1.5167468245269453 0.12500000000000017
v 0.15384615384615385 1.5167468245269453 0.12500000000000017
v 0.15384615384615385 1.5131508823985174 0.11157976127563037
v 0.15384615384615385 1.5131508823985174 0.11157976127563037
v 0.15384615384615385 1.483253175473055 0.12500000000000017
v 0.15384615384615385 1.483253175473055 0.12500000000000017
v 0.15384615384615385 1.4868491176014826 0.11157976127563037
v 0.15384615384615385 1.4868491176014826 0.11157976127563037
v 0.15384615384615385 1.4542468245269453 0.10825317547305502
v 0.15384615384615385 1.4542468245269453 0.10825317547305502
v 0.15384615384615385 1.4640711211228874 0.09842887887711298
v 0.15384615384615385 1.4640711211228874 0.09842887887711298
v 0.15384615384615385 1.4375 0.07924682452694534
v 0.15384615384615385 1.4375 0.07924682452694534
v 0.15384615384615385 1.4509202387243698 0.07565088239851757
v 0.15384615384615385 1.4509202387243698 0.07565088239851757
v -0.06250000000000001 1.5490797612756302 0.049349117601482716
v -0.06250000000000001 1.5490797612756302 0.0756508823985175
v -0.06250000000000003 1.5625 0.07924682452694527
v -0.06250000000000001 1.5625 0.045753175473054936
v -0.0625 1.5359288788771128 0.026571121122887335
v -0.0625 1.545753175473055 0.016746824526945293
v -0.062499999999999986 1.5131508823985174 0.01342023872436994
v -0.062499999999999986 1.5167468245269453 1.249000902703301e-16
v -0.062499999999999986 1.4868491176014826 0.01342023872436994
v -0.062499999999999986 1.483253175473055 1.249000902703301e-16
v 0.5 1.4542468245269453 0.016746824526945425
v 0.5 1.483253175473055 2.498001805406602e-16
v 0.5 1.4868491176014826 0.013420238724370065
v 0.5 1.4640711211228874 0.026571121122887467
v -0.062499999999999986 1.4509202387243698 0.04934911760148273
v -0.06249999999999997 1.4640711211228872 0.026571121122887342
v -0.06249999999999997 1.454246824526945 0.0167468245269453
v -0.062499999999999986 1.4375 0.04575317547305496
v -0.062499999999999986 1.4509202387243698 0.07565088239851753
v -0.0625 1.4375 0.07924682452694529
v 0.5 1.4542468245269453 0.1082531754730551
v 0.5 1.4375000000000002 0.07924682452694541
v 0.5 1.45092023872437 0.07565088239851764
v 0.5 1.4640711211228874 0.09842887887711305
v -0.06250000000000001 1.4868491176014826 0.11157976127563032
v -0.0625 1.4640711211228872 0.09842887887711294
v -0.0625 1.454246824526945 0.10825317547305496
v -0.0625 1.483253175473055 0.1250000000000001
v -0.06250000000000001 1.5131508823985174 0.11157976127563032
v -0.06250000000000003 1.516746824526945 0.1250000000000001
v -0.06250000000000001 1.5359288788771128 0.09842887887711291
v -0.06250000000000001 1.545753175473055 0.10825317547305496
v 0.5 1.4375000000000002 0.04575317547305509
v 0.5 1.4542468245269453 0.016746824526945425
v 0.5 1.4640711211228874 0.026571121122887467
v 0.5 1.45092023872437 0.049349117601482854
v 0.5 1.4375000000000002 0.07924682452694541
v 0.5 1.45092023872437 0.07565088239851764
v 0.5 1.483253175473055 2.498001805406602e-16
v 0.5 1.5167468245269453 2.498001805406602e-16
v 0.5 1.5131508823985176 0.013420238724370065
v 0.5 1.4868491176014826 0.013420238724370065
v 0.5 1.545753175473055 0.01674682452694542
v 0.5 1.5359288788771128 0.02657112112288746
v 0.5 1.5625 0.04575317547305506
v 0.5 1.5625000000000002 0.0792468245269454
v 0.5 1.5490797612756304 0.07565088239851762
v 0.5 1.5490797612756304 0.04934911760148284
v 0.5 1.545753175473055 0.10825317547305507
v 0.5 1.5359288788771128 0.09842887887711305
v 0.5 1.5167468245269453 0.12500000000000025
v 0.5 1.5131508823985176 0.11157976127563043
v 0.5 1.483253175473055 0.12500000000000025
v 0.5 1.4868491176014826 0.11157976127563043
v 0.5 1.4542468245269453 0.1082531754730551
v 0.5 1.4640711211228874 0.09842887887711305
v -0.0625 1.4640711211228872 0.09842887887711294
v -0.062499999999999986 1.4509202387243698 0.07565088239851753
v -0.0625 1.4375 0.07924682452694529
v -0.0625 1.454246824526945 0.10825317547305496
v -0.06249999999999997 1.4640711211228872 0.026571121122887342
v -0.062499999999999986 1.4868491176014826 0.01342023872436994
v -0.062499999999999986 1.483253175473055 1.249000902703301e-16
v -0.06249999999999997 1.454246824526945 0.0167468245269453
vt 0 1
vt 0.0078125 1
vt 0.0078125 1
vt 0 1
vt 0.5078125 0.578125
vt 0.515625 0.5859375
vt 0.515625 0.5859375
vt 0.5078125 0.578125
vt 0.65217421875 0.8453937499999999
vt 0.655021875 0.84375
vt 0.65625 0.844978125
vt 0.6526234375 0.84707109375
vt 0.6526234375 0.47324140625
vt 0.65625 0.475334375
vt 0.655021875 0.4765625
vt 0.65217421875 0.47491874999999995
vt 0 1
vt 0.0078125 1
vt 0.0078125 1
vt 0 1
vt 0.046875 0.4375
vt 0.0546875 0.4453125
vt 0.0546875 0.4453125
vt 0.046875 0.4375
vt 0.681933203125 0.47159765625000005
vt 0.683576953125 0.46875
vt 0.685254296875 0.46919921875000004
vt 0.683161328125 0.47282578124999997
vt 0.690973828125 0.5349867187499999
vt 0.693066796875 0.53861328125
vt 0.691389453125 0.5390625
vt 0.689745703125 0.5362148437500001
vt 0 0.9921875
vt 0 1
vt 0 1
vt 0 0.9921875
vt 0 0.9921875
vt 0 1
vt 0 1
vt 0 0.9921875
vt 0.66238515625 0.9469562499999999
vt 0.66238515625 0.9436687500000001
vt 0.6640625 0.94321953125
vt 0.6640625 0.94740546875
vt 0.6953125 0.63853203125
vt 0.6953125 0.64271796875
vt 0.69363515625 0.6422687499999999
vt 0.69363515625 0.6389812500000001
vt 0 0.9921875
vt 0 1
vt 0 1
vt 0 0.9921875
vt 0.09375 0.4140625
vt 0.0859375 0.421875
vt 0.0859375 0.421875
vt 0.09375 0.4140625
vt 0.66238515625 0.9436687500000001
vt 0.66074140625 0.94082109375
vt 0.66196953125 0.93959296875
vt 0.6640625 0.94321953125
vt 0.6953125 0.64271796875
vt 0.69321953125 0.64634453125
vt 0.69199140625 0.64511640625
vt 0.69363515625 0.6422687499999999
vt 0 0.9921875
vt 0 1
vt 0 1
vt 0 0.9921875
vt 0.5859375 0.7578125
vt 0.578125 0.765625
vt 0.578125 0.765625
vt 0.5859375 0.7578125
vt 0.66074140625 0.94082109375
vt 0.6578937499999999 0.93917734375
vt 0.65834296875 0.9375
vt 0.66196953125 0.93959296875
vt 0.69321953125 0.64634453125
vt 0.68959296875 0.6484375
vt 0.6891437499999999 0.64676015625
vt 0.69199140625 0.64511640625
vt 0.0078125 1
vt 0 1
vt 0 1
vt 0.0078125 1
vt 0.0078125 1
vt 0 1
vt 0 1
vt 0.0078125 1
vt 0.6578937499999999 0.93917734375
vt 0.6546062500000001 0.93917734375
vt 0.65415703125 0.9375
vt 0.65834296875 0.9375
vt 0.68959296875 0.6484375
vt 0.68540703125 0.6484375
vt 0.68585625 0.64676015625
vt 0.6891437499999999 0.64676015625
vt 0.0078125 1
vt 0 1
vt 0 1
vt 0.0078125 1
vt 0.59375 0.6171875
vt 0.5859375 0.609375
vt 0.5859375 0.609375
vt 0.59375 0.6171875
vt 0.6546062500000001 0.93917734375
vt 0.65175859375 0.94082109375
vt 0.65053046875 0.93959296875
vt 0.65415703125 0.9375
vt 0.68540703125 0.6484375
vt 0.68178046875 0.64634453125
vt 0.68300859375 0.64511640625
vt 0.68585625 0.64676015625
vt 0.0078125 1
vt 0 1
vt 0 1
vt 0.0078125 1
vt 0.6171875 0.7265625
vt 0.609375 0.71875
vt 0.609375 0.71875
vt 0.6171875 0.7265625
vt 0.65175859375 0.94082109375
vt 0.65011484375 0.9436687500000001
vt 0.6484375 0.94321953125
vt 0.65053046875 0.93959296875
vt 0.68178046875 0.64634453125
vt 0.6796875 0.64271796875
vt 0.68136484375 0.6422687499999999
vt 0.68300859375 0.64511640625
vt 0 1
vt 0 0.9921875
vt 0 0.9921875
vt 0 1
vt 0 1
vt 0 0.9921875
vt 0 0.9921875
vt 0 1
vt 0.65011484375 0.9436687500000001
vt 0.65011484375 0.9469562499999999
vt 0.6484375 0.94740546875
vt 0.6484375 0.94321953125
vt 0.6796875 0.64271796875
vt 0.6796875 0.63853203125
vt 0.68136484375 0.6389812500000001
vt 0.68136484375 0.6422687499999999
vt 0 1
vt 0 0.9921875
vt 0 0.9921875
vt 0 1
vt 0.125 0.375
vt 0.1328125 0.3671875
vt 0.1328125 0.3671875
vt 0.125 0.375
vt 0.65011484375 0.9469562499999999
vt 0.65175859375 0.94980390625
vt 0.65053046875 0.95103203125
vt 0.6484375 0.94740546875
vt 0.6796875 0.63853203125
vt 0.68178046875 0.63490546875
vt 0.68300859375 0.63613359375
vt 0.68136484375 0.6389812500000001
vt 0 1
vt 0 0.9921875
vt 0 0.9921875
vt 0 1
vt 0.6328125 0.953125
vt 0.640625 0.9453125
vt 0.640625 0.9453125
vt 0.6328125 0.953125
vt 0.768721484375 0.4921875
vt 0.771569140625 0.49383125000000005
vt 0.771119921875 0.49550859375
vt 0.767493359375 0.493415625
vt 0.775305859375 0.733146875
vt 0.778932421875 0.73105390625
vt 0.779381640625 0.7327312500000001
vt 0.776533984375 0.734375
vt 0 1
vt 0.0078125 1
vt 0.0078125 1
vt 0 1
vt 0 1
vt 0.0078125 1
vt 0.0078125 1
vt 0 1
vt 0.64888671875 0.8453937499999999
vt 0.65217421875 0.8453937499999999
vt 0.6526234375 0.84707109375
vt 0.6484375 0.84707109375
vt 0.6484375 0.47324140625
vt 0.6526234375 0.47324140625
vt 0.65217421875 0.47491874999999995
vt 0.64888671875 0.47491874999999995
vt 0.75616875 0.3359375
vt 0.7594562499999999 0.3359375
vt 0.7594562499999999 0.36298046875
vt 0.75616875 0.36298046875
vt 0.74009453125 0.75420703125
vt 0.74428046875 0.75420703125
vt 0.74428046875 0.78125
vt 0.74009453125 0.78125
vt 0.7594562499999999 0.3359375
vt 0.76274375 0.3359375
vt 0.76274375 0.36298046875
vt 0.7594562499999999 0.36298046875
vt 0.73590859375 0.75420703125
vt 0.74009453125 0.75420703125
vt 0.74009453125 0.78125
vt 0.73590859375 0.78125
vt 0.77405625 0.78545703125
vt 0.77734375 0.78545703125
vt 0.77734375 0.8125
vt 0.77405625 0.8125
vt 0.765625 0.89483203125
vt 0.7698109375 0.89483203125
vt 0.7698109375 0.921875
vt 0.765625 0.921875
vt 0.77734375 0.78545703125
vt 0.78063125 0.78545703125
vt 0.78063125 0.8125
vt 0.77734375 0.8125
vt 0.7614390625 0.89483203125
vt 0.765625 0.89483203125
vt 0.765625 0.921875
vt 0.7614390625 0.921875
vt 0.765625 0.6328125
vt 0.7734375 0.6328125
vt 0.7734375 0.65625
vt 0.765625 0.65625
vt 0.2109375 0.2734375
vt 0.203125 0.2734375
vt 0.203125 0.2265625
vt 0.2109375 0.2265625
vt 0.1484375 0.2734375
vt 0.140625 0.2734375
vt 0.140625 0.2265625
vt 0.1484375 0.2265625
vt 0.2265625 0.2734375
vt 0.21875 0.2734375
vt 0.21875 0.2265625
vt 0.2265625 0.2265625
vt 0.5859375 0.2734375
vt 0.578125 0.2734375
vt 0.578125 0.2265625
vt 0.5859375 0.2265625
vt 0.77405625 0.74639453125
vt 0.77734375 0.74639453125
vt 0.77734375 0.7734375
vt 0.77405625 0.7734375
vt 0.65625 0.2109375
vt 0.6640625 0.2109375
vt 0.6640625 0.234375
vt 0.65625 0.234375
vt 0.765625 0.8515625
vt 0.7698109375 0.8515625
vt 0.7698109375 0.87860546875
vt 0.765625 0.87860546875
vt 0.77734375 0.74639453125
vt 0.78063125 0.74639453125
vt 0.78063125 0.7734375
vt 0.77734375 0.7734375
vt 0.7614390625 0.8515625
vt 0.765625 0.8515625
vt 0.765625 0.87860546875
vt 0.7614390625 0.87860546875
vt 0.765625 0.6953125
vt 0.7734375 0.6953125
vt 0.7734375 0.71875
vt 0.765625 0.71875
vt 0.734375 0.2734375
vt 0.7265625 0.2734375
vt 0.7265625 0.2265625
vt 0.734375 0.2265625
vt 0.6328125 0.28125
vt 0.625 0.28125
vt 0.625 0.234375
vt 0.6328125 0.234375
vt 0.71875 0.2734375
vt 0.7109375 0.2734375
vt 0.7109375 0.2265625
vt 0.71875 0.2265625
vt 0.2578125 0.2734375
vt 0.25 0.2734375
vt 0.25 0.2265625
vt 0.2578125 0.2265625
vt 0.75288125 0.37920703125
vt 0.75616875 0.37920703125
vt 0.75616875 0.40625
vt 0.75288125 0.40625
vt 0.765625 0.5390625
vt 0.7734375 0.5390625
vt 0.7734375 0.5625
vt 0.765625 0.5625
vt 0.74428046875 0.71514453125
vt 0.74846640625 0.71514453125
vt 0.74846640625 0.7421875
vt 0.74428046875 0.7421875
vt 0.75616875 0.37920703125
vt 0.7594562499999999 0.37920703125
vt 0.7594562499999999 0.40625
vt 0.75616875 0.40625
vt 0.74009453125 0.71514453125
vt 0.74428046875 0.71514453125
vt 0.74428046875 0.7421875
vt 0.74009453125 0.7421875
vt 0.7594562499999999 0.37920703125
vt 0.76274375 0.37920703125
vt 0.76274375 0.40625
vt 0.7594562499999999 0.40625
vt 0.73590859375 0.71514453125
vt 0.74009453125 0.71514453125
vt 0.74009453125 0.7421875
vt 0.73590859375 0.7421875
vt 0.75288125 0.3359375
vt 0.75616875 0.3359375
vt 0.75616875 0.36298046875
vt 0.75288125 0.36298046875
vt 0.74428046875 0.75420703125
vt 0.74846640625 0.75420703125
vt 0.74846640625 0.78125
vt 0.74428046875 0.78125
vt 0.7463734375 0.890625
vt 0.7421875 0.890625
vt 0.7421875 0.84735546875
vt 0.7463734375 0.84735546875
vt 0.6015625 0.2734375
vt 0.59375 0.2734375
vt 0.59375 0.2265625
vt 0.6015625 0.2265625
vt 0.75390625 0.5390625
vt 0.75061875 0.5390625
vt 0.75061875 0.49579296875
vt 0.75390625 0.49579296875
vt 0.7421875 0.890625
vt 0.7380015625 0.890625
vt 0.7380015625 0.84735546875
vt 0.7421875 0.84735546875
vt 0.75719375 0.5390625
vt 0.75390625 0.5390625
vt 0.75390625 0.49579296875
vt 0.75719375 0.49579296875
vt 0.6484375 0.28125
vt 0.640625 0.28125
vt 0.640625 0.234375
vt 0.6484375 0.234375
vt 0.7421875 0.8359375
vt 0.7380015625 0.8359375
vt 0.7380015625 0.79266796875
vt 0.7421875 0.79266796875
vt 0.75719375 0.59375
vt 0.75390625 0.59375
vt 0.75390625 0.55048046875
vt 0.75719375 0.55048046875
vt 0.1640625 0.2734375
vt 0.15625 0.2734375
vt 0.15625 0.2265625
vt 0.1640625 0.2265625
vt 0.7463734375 0.8359375
vt 0.7421875 0.8359375
vt 0.7421875 0.79266796875
vt 0.7463734375 0.79266796875
vt 0.75390625 0.59375
vt 0.75061875 0.59375
vt 0.75061875 0.55048046875
vt 0.75390625 0.55048046875
vt 0.70521796875 0.90625
vt 0.70103203125 0.90625
vt 0.70103203125 0.86298046875
vt 0.70521796875 0.86298046875
vt 0.7203937499999999 0.328125
vt 0.71710625 0.328125
vt 0.71710625 0.28485546875
vt 0.7203937499999999 0.28485546875
vt 0.70103203125 0.90625
vt 0.69684609375 0.90625
vt 0.69684609375 0.86298046875
vt 0.70103203125 0.86298046875
vt 0.72368125 0.328125
vt 0.7203937499999999 0.328125
vt 0.7203937499999999 0.28485546875
vt 0.72368125 0.28485546875
vt 0.70940390625 0.90625
vt 0.70521796875 0.90625
vt 0.70521796875 0.86298046875
vt 0.70940390625 0.86298046875
vt 0.71710625 0.328125
vt 0.71381875 0.328125
vt 0.71381875 0.28485546875
vt 0.71710625 0.28485546875
vt 0.04478203125 0.3046875
vt 0.04059609375 0.3046875
vt 0.04059609375 0.26141796875
vt 0.04478203125 0.26141796875
vt 0.72368125 0.3828125
vt 0.7203937499999999 0.3828125
vt 0.7203937499999999 0.33954296875
vt 0.72368125 0.33954296875
vt 0.04896796875 0.3046875
vt 0.04478203125 0.3046875
vt 0.04478203125 0.26141796875
vt 0.04896796875 0.26141796875
vt 0.7203937499999999 0.3828125
vt 0.71710625 0.3828125
vt 0.71710625 0.33954296875
vt 0.7203937499999999 0.33954296875
vt 0.05315390625 0.3046875
vt 0.04896796875 0.3046875
vt 0.04896796875 0.26141796875
vt 0.05315390625 0.26141796875
vt 0.2421875 0.2734375
vt 0.234375 0.2734375
vt 0.234375 0.2265625
vt 0.2421875 0.2265625
vt 0.71710625 0.3828125
vt 0.71381875 0.3828125
vt 0.71381875 0.33954296875
vt 0.71710625 0.33954296875
vt 0.7734375 0.8203125
vt 0.78125 0.8203125
vt 0.78125 0.84375
vt 0.7734375 0.84375
vt 0.765625 0.6640625
vt 0.7734375 0.6640625
vt 0.7734375 0.6875
vt 0.765625 0.6875
vt 0 0.203125
vt 0.0078125 0.203125
vt 0.0078125 0.2265625
vt 0 0.2265625
vt 0.765625 0.5078125
vt 0.7734375 0.5078125
vt 0.7734375 0.53125
vt 0.765625 0.53125
vt 0.765625 0.5703125
vt 0.7734375 0.5703125
vt 0.7734375 0.59375
vt 0.765625 0.59375
vt 0.765625 0.6015625
vt 0.7734375 0.6015625
vt 0.7734375 0.625
vt 0.765625 0.625
vt 0.3828125 0.2109375
vt 0.390625 0.2109375
vt 0.390625 0.234375
vt 0.3828125 0.234375
vt 0.671875 0.2109375
vt 0.6796875 0.2109375
vt 0.6796875 0.234375
vt 0.671875 0.234375
vn 0 0 0
vn 0 0 0
vn -1 -2.220446049250313e-16 -2.220446049250313e-16
vn 1 2.220446049250313e-16 2.220446049250313e-16
vn 0 0 0
vn 0 0 0
vn -1 -2.220446049250313e-16 -2.220446049250313e-16
vn 1 2.220446049250313e-16 2.220446049250313e-16
vn 0 0 0
vn 0 0 0
vn -1 -2.220446049250313e-16 -2.220446049250313e-16
vn 1 2.220446049250313e-16 2.220446049250313e-16
vn 0 0 0
vn 0 0 0
vn -1 -2.220446049250313e-16 -2.220446049250313e-16
vn 1 2.220446049250313e-16 2.220446049250313e-16
vn 0 0 0
vn 0 0 0
vn -1 -2.220446049250313e-16 -2.220446049250313e-16
vn 1 2.220446049250313e-16 2.220446049250313e-16
vn 0 0 0
vn 0 0 0
vn -1 -2.220446049250313e-16 -2.220446049250313e-16
vn 1 2.220446049250313e-16 2.220446049250313e-16
vn 0 0 0
vn 0 0 0
vn -1 -2.220446049250313e-16 -2.220446049250313e-16
vn 1 2.220446049250313e-16 2.220446049250313e-16
vn 0 0 0
vn 0 0 0
vn -1 -2.220446049250313e-16 -2.220446049250313e-16
vn 1 2.220446049250313e-16 2.220446049250313e-16
vn 0 0 0
vn 0 0 0
vn -1 -2.220446049250313e-16 -2.220446049250313e-16
vn 1 2.220446049250313e-16 2.220446049250313e-16
vn 0 0 0
vn 0 0 0
vn -1 -2.220446049250313e-16 -2.220446049250313e-16
vn 1 2.220446049250313e-16 2.220446049250313e-16
vn 0 0 0
vn 0 0 0
vn -1 -2.220446049250313e-16 -2.220446049250313e-16
vn 1 2.220446049250313e-16 2.220446049250313e-16
vn 0 0 0
vn 0 0 0
vn -1 -2.220446049250313e-16 -2.220446049250313e-16
vn 1 2.220446049250313e-16 2.220446049250313e-16
vn 1.578983857244666e-16 -1 5.276371344244936e-16
vn -2.220446049250313e-16 1 -4.930380657631324e-32
vn 2.4113276613187334e-17 -0.8660254037844388 0.4999999999999997
vn 1.0187351013322361e-18 0.8660254037844386 -0.5000000000000004
vn -1.289078741447186e-16 -0.5000000000000001 0.8660254037844386
vn 8.12739661758406e-17 0.5000000000000004 -0.8660254037844385
vn -2.220446049250313e-16 0 1
vn 2.220446049250313e-16 0 -1
vn 7.810639541685272e-17 -0.9659258262890683 0.2588190451025207
vn 2.846156844469692e-16 -0.5000000000000004 -0.8660254037844386
vn -5.978966227632018e-17 0.9659258262890683 -0.2588190451025207
vn -2.556846631319942e-16 0.5000000000000002 0.8660254037844387
vn -5.635917889394599e-17 -0.7071067811865483 0.7071067811865468
vn -2.7473822631954536e-16 0.8660254037844387 0.5000000000000003
vn 6.763101467273567e-17 0.7071067811865472 -0.7071067811865478
vn 2.7339395245462735e-16 -0.8660254037844387 -0.4999999999999999
vn -1.89971495324749e-16 1 -4.2182145626401324e-32
vn 1.258252761241844e-16 -1 2.79388237265775e-32
vn -2.471499523887673e-16 0.2588190451025208 0.9659258262890684
vn 8.127396617584073e-17 -0.8660254037844387 0.5000000000000001
vn 2.7194799110210365e-16 -0.2588190451025206 -0.9659258262890683
vn -6.341125068751188e-17 0.8660254037844393 -0.49999999999999906
vn -2.4356951811932205e-16 0.7071067811865488 0.7071067811865462
vn 1.1938109255094324e-16 0.49999999999999956 -0.8660254037844392
vn 2.68931148621598e-16 -0.707106781186547 -0.707106781186548
vn -8.127396617584104e-17 -0.49999999999999917 0.8660254037844392
vn 2.220446049250313e-16 0 -1
vn -2.220446049250313e-16 0 1
vn 2.556846631319942e-16 -0.49999999999999983 -0.8660254037844387
vn -2.5843164313150504e-16 0.49999999999999983 0.8660254037844387
vn 2.4615788153821854e-16 -0.8660254037844392 -0.49999999999999917
vn -2.5095048846994385e-16 0.8660254037844393 0.4999999999999993
vn 3.0331857110087204e-16 -0.8660254037844387 -0.49999999999999983
vn 2.8179589446972837e-17 0.7071067811865483 -0.7071067811865468
vn -2.318677091475551e-16 0.8660254037844392 0.4999999999999992
vn 2.220446049250313e-16 -1 4.930380657631324e-32
vn -2.0199891142485487e-16 1 -4.485276848261829e-32
vn -2.6772105268505764e-16 0.2588190451025206 0.9659258262890683
vn 2.220446049250313e-16 0 -1
vn -2.220446049250313e-16 0 1
vn 6.542558016571482e-17 -0.9659258262890683 0.2588190451025207
vn 1.2803118281059807e-16 0.4999999999999997 -0.8660254037844388
vn -1.2890787414471863e-16 -0.5 0.8660254037844387
vn -2.2204460492503116e-16 1 -6.215113103450818e-16
vn 2.2204460492503106e-16 -1 1.0552742688489872e-15
vn -8.127396617584079e-17 0.8660254037844387 -0.49999999999999983
vn 4.5548535199182215e-17 -0.8660254037844385 0.5000000000000003
vn -3.0331857110087204e-16 0.8660254037844388 0.49999999999999983
vn 2.378219476436651e-16 -0.8660254037844386 -0.5000000000000003
vn -2.799399627834934e-16 0.49999999999999956 0.8660254037844389
vn 2.556846631319942e-16 -0.4999999999999999 -0.8660254037844387
vn -2.220446049250313e-16 0 1
vn 2.220446049250313e-16 0 -1
vn -1.3270690447407389e-16 -0.49999999999999983 0.8660254037844388
vn 3.1401849173675503e-16 -0.7071067811865488 -0.7071067811865462
vn 1.3486211264082853e-16 0.49999999999999956 -0.8660254037844392
vn -2.411327661318734e-17 0.8660254037844388 -0.5000000000000001
vn 2.629305224790723e-16 -0.2588190451025208 -0.9659258262890684
vn -1.018735101331891e-18 -0.866025403784439 0.4999999999999996
vn -3.14018491736755e-16 0.707106781186547 0.707106781186548
vn -2.556846631319942e-16 0.5000000000000002 0.8660254037844387
vn -7.134329394957919e-17 0.9659258262890683 -0.2588190451025207
vn 2.584316431315051e-16 -0.5 -0.8660254037844388
vn -2.254367155757864e-17 -0.7071067811865472 0.7071067811865478
usemtl m_11845850-9d74-0af3-9624-28c2ed61c2c1
f 169/617/155 173/618/155 174/619/155 170/620/155
f 172/621/156 176/622/156 175/623/156 171/624/156
f 231/625/157 232/626/157 233/627/157 234/628/157
f 249/629/158 250/630/158 251/631/158 252/632/158
f 173/633/159 177/634/159 178/635/159 174/636/159
f 176/637/160 180/638/160 179/639/160 175/640/160
f 277/641/161 278/642/161 279/643/161 280/644/161
f 227/645/162 228/646/162 229/647/162 230/648/162
f 177/649/163 181/650/163 182/651/163 178/652/163
f 180/653/164 184/654/164 183/655/164 179/656/164
f 225/657/165 223/658/165 224/659/165 226/660/165
f 255/661/166 256/662/166 257/663/166 258/664/166
f 181/665/167 185/666/167 186/667/167 182/668/167
f 184/669/168 188/670/168 187/671/168 183/672/168
f 223/673/169 221/674/169 222/675/169 224/676/169
f 256/677/170 259/678/170 260/679/170 257/680/170
f 185/681/171 189/682/171 190/683/171 186/684/171
f 188/685/172 192/686/172 191/687/172 187/688/172
f 221/689/173 217/690/173 220/691/173 222/692/173
f 259/693/174 261/694/174 264/695/174 260/696/174
f 189/697/175 193/698/175 194/699/175 190/700/175
f 192/701/176 196/702/176 195/703/176 191/704/176
f 217/705/177 218/706/177 219/707/177 220/708/177
f 261/709/178 262/710/178 263/711/178 264/712/178
f 193/713/179 197/714/179 198/715/179 194/716/179
f 196/717/180 200/718/180 199/719/180 195/720/180
f 218/721/181 247/722/181 248/723/181 219/724/181
f 262/725/182 265/726/182 266/727/182 263/728/182
f 197/729/183 201/730/183 202/731/183 198/732/183
f 200/733/184 204/734/184 203/735/184 199/736/184
f 247/737/185 245/738/185 246/739/185 248/740/185
f 265/741/186 267/742/186 268/743/186 266/744/186
f 201/745/187 205/746/187 206/747/187 202/748/187
f 204/749/188 208/750/188 207/751/188 203/752/188
f 245/753/189 241/754/189 244/755/189 246/756/189
f 267/757/190 269/758/190 270/759/190 268/760/190
f 205/761/191 209/762/191 210/763/191 206/764/191
f 208/765/192 212/766/192 211/767/192 207/768/192
f 241/769/193 242/770/193 243/771/193 244/772/193
f 269/773/194 271/774/194 272/775/194 270/776/194
f 209/777/195 213/778/195 214/779/195 210/780/195
f 212/781/196 216/782/196 215/783/196 211/784/196
f 273/785/197 274/786/197 275/787/197 276/788/197
f 237/789/198 238/790/198 239/791/198 240/792/198
f 213/793/199 169/794/199 170/795/199 214/796/199
f 216/797/200 172/798/200 171/799/200 215/800/200
f 235/801/201 231/802/201 234/803/201 236/804/201
f 253/805/202 249/806/202 252/807/202 254/808/202
f 218/809/203 217/810/203 191/811/203 195/812/203
f 220/813/204 219/814/204 193/815/204 189/816/204
f 217/817/205 221/818/205 187/819/205 191/820/205
f 222/821/206 220/822/206 189/823/206 185/824/206
f 221/825/207 223/826/207 183/827/207 187/828/207
f 224/829/208 222/830/208 185/831/208 181/832/208
f 223/833/209 225/834/209 179/835/209 183/836/209
f 226/837/210 224/838/210 181/839/210 177/840/210
f 225/841/211 226/842/211 177/843/211 179/844/211
f 228/845/212 227/846/212 174/847/212 178/848/212
f 229/849/213 228/850/213 178/851/213 180/852/213
f 230/853/214 229/854/214 180/855/214 176/856/214
f 227/857/215 230/858/215 176/859/215 174/860/215
f 232/861/216 231/862/216 171/863/216 175/864/216
f 233/865/217 232/866/217 175/867/217 173/868/217
f 234/869/218 233/870/218 173/871/218 169/872/218
f 231/873/219 235/874/219 215/875/219 171/876/219
f 236/877/220 234/878/220 169/879/220 213/880/220
f 235/881/221 236/882/221 213/883/221 215/884/221
f 238/885/222 237/886/222 210/887/222 214/888/222
f 239/889/223 238/890/223 214/891/223 216/892/223
f 240/893/224 239/894/224 216/895/224 212/896/224
f 237/897/225 240/898/225 212/899/225 210/900/225
f 242/901/226 241/902/226 207/903/226 211/904/226
f 243/905/227 242/906/227 211/907/227 209/908/227
f 244/909/228 243/910/228 209/911/228 205/912/228
f 241/913/229 245/914/229 203/915/229 207/916/229
f 246/917/230 244/918/230 205/919/230 201/920/230
f 245/921/231 247/922/231 199/923/231 203/924/231
f 248/925/232 246/926/232 201/927/232 197/928/232
f 247/929/233 218/930/233 195/931/233 199/932/233
f 219/933/234 248/934/234 197/935/234 193/936/234
f 250/937/235 249/938/235 170/939/235 174/940/235
f 251/941/236 250/942/236 174/943/236 176/944/236
f 252/945/237 251/946/237 176/947/237 172/948/237
f 249/949/238 253/950/238 214/951/238 170/952/238
f 254/953/239 252/954/239 172/955/239 216/956/239
f 253/957/240 254/958/240 216/959/240 214/960/240
f 256/961/241 255/962/241 178/963/241 182/964/241
f 258/965/242 257/966/242 184/967/242 180/968/242
f 255/969/243 258/970/243 180/971/243 178/972/243
f 259/973/244 256/974/244 182/975/244 186/976/244
f 257/977/245 260/978/245 188/979/245 184/980/245
f 262/981/246 261/982/246 190/983/246 194/984/246
f 264/985/247 263/986/247 196/987/247 192/988/247
f 261/989/248 259/990/248 186/991/248 190/992/248
f 260/993/249 264/994/249 192/995/249 188/996/249
f 265/997/250 262/998/250 194/999/250 198/1000/250
f 263/1001/251 266/1002/251 200/1003/251 196/1004/251
f 267/1005/252 265/1006/252 198/1007/252 202/1008/252
f 266/1009/253 268/1010/253 204/1011/253 200/1012/253
f 269/1013/254 267/1014/254 202/1015/254 206/1016/254
f 268/1017/255 270/1018/255 208/1019/255 204/1020/255
f 271/1021/256 269/1022/256 206/1023/256 210/1024/256
f 272/1025/257 271/1026/257 210/1027/257 212/1028/257
f 270/1029/258 272/1030/258 212/1031/258 208/1032/258
f 274/1033/259 273/1034/259 211/1035/259 215/1036/259
f 275/1037/260 274/1038/260 215/1039/260 213/1040/260
f 276/1041/261 275/1042/261 213/1043/261 209/1044/261
f 273/1045/262 276/1046/262 209/1047/262 211/1048/262
f 278/1049/263 277/1050/263 175/1051/263 179/1052/263
f 279/1053/264 278/1054/264 179/1055/264 177/1056/264
f 280/1057/265 279/1058/265 177/1059/265 173/1060/265
f 277/1061/266 280/1062/266 173/1063/266 175/1064/266
o panel
v 1.9375 1.8093592167691146 -0.1584708691207955
v 0.4375 1.8093592167691146 -0.15847086912079583
v 1.9375 1.720970869120796 -0.246859216769114
v 0.4375000000000001 1.720970869120796 -0.24685921676911432
v 1.9375 1.279029130879204 0.3718592167691151
v 0.4374999999999999 1.279029130879204 0.37185921676911476
v 1.9375 1.1906407832308854 0.28347086912079666
v 0.4375 1.1906407832308854 0.28347086912079633
vt 0.71875 0.4609375
vt 0.53125 0.4609375
vt 0.53125 0.4453125
vt 0.71875 0.4453125
vt 0.5234375 0.421875
vt 0.5234375 0.4375
vt 0.3359375 0.4375
vt 0.3359375 0.421875
vt 0 0.6171875
vt 0.09375 0.6171875
vt 0.09375 0.8046875
vt 0 0.8046875
vt 0.1953125 0.6171875
vt 0.1953125 0.8046875
vt 0.1015625 0.8046875
vt 0.1015625 0.6171875
vt 0.7265625 0.984375
vt 0.7265625 1
vt 0.6328125 1
vt 0.6328125 0.984375
vt 0.7265625 0.9765625
vt 0.6328125 0.9765625
vt 0.6328125 0.9609375
vt 0.7265625 0.9609375
vn 1.570092458683775e-16 0.7071067811865476 -0.7071067811865475
vn -1.570092458683775e-16 -0.7071067811865476 0.7071067811865475
vn -1.5700924586837752e-16 0.7071067811865475 0.7071067811865476
vn 1.5700924586837752e-16 -0.7071067811865475 -0.7071067811865476
vn 1 0 2.220446049250313e-16
vn -1 0 -2.220446049250313e-16
usemtl m_11845850-9d74-0af3-9624-28c2ed61c2c1
f 282/1065/267 281/1066/267 283/1067/267 284/1068/267
f 287/1069/268 285/1070/268 286/1071/268 288/1072/268
f 285/1073/269 281/1074/269 282/1075/269 286/1076/269
f 284/1077/270 283/1078/270 287/1079/270 288/1080/270
f 283/1081/271 281/1082/271 285/1083/271 287/1084/271
f 286/1085/272 282/1086/272 284/1087/272 288/1088/272
o middle
v 1.375 1.3285849570550448 0.42141504294495574
v 1 1.3285849570550448 0.42141504294495563
v 1.375 1.3285849570550448 0.42141504294495574
v 1 1.3285849570550448 0.42141504294495563
v 1.375 1.8589150429449552 -0.10891504294495485
v 1 1.8589150429449552 -0.10891504294495497
v 1.375 1.8589150429449552 -0.10891504294495485
v 1 1.8589150429449552 -0.10891504294495497
vt 0 0.953125
vt 0 0.953125
vt 0 1
vt 0 1
vt 0 0.953125
vt 0 1
vt 0 0.953125
vt 0 1
vt 0.1015625 0.4765625
vt 0.1953125 0.4765625
vt 0.1953125 0.5234375
vt 0.1015625 0.5234375
vt 0.5703125 0.7578125
vt 0.5703125 0.8046875
vt 0.4765625 0.8046875
vt 0.4765625 0.7578125
vt 0.09375 1
vt 0 1
vt 0.09375 1
vt 0 1
vt 0.09375 1
vt 0.09375 1
vt 0 1
vt 0 1
vn 0 0 0
vn 0 0 0
vn 1.5700924586837752e-16 -0.7071067811865475 -0.7071067811865476
vn -1.5700924586837752e-16 0.7071067811865475 0.7071067811865476
vn 0 0 0
vn 0 0 0
usemtl m_11845850-9d74-0af3-9624-28c2ed61c2c1
f 289/1089/273 291/1090/273 290/1091/273 292/1092/273
f 293/1093/274 294/1094/274 295/1095/274 296/1096/274
f 293/1097/275 289/1098/275 290/1099/275 294/1100/275
f 292/1101/276 291/1102/276 295/1103/276 296/1104/276
f 289/1105/277 293/1106/277 291/1107/277 295/1108/277
f 290/1109/278 292/1110/278 294/1111/278 296/1112/278
o right
v 1.8125 1.3285849570550448 0.42141504294495585
v 1.4375 1.3285849570550448 0.42141504294495574
v 1.8125 1.3285849570550448 0.42141504294495585
v 1.4375 1.3285849570550448 0.42141504294495574
v 1.8125 1.8589150429449552 -0.10891504294495474
v 1.4375 1.8589150429449552 -0.10891504294495485
v 1.8125 1.8589150429449552 -0.10891504294495474
v 1.4375 1.8589150429449552 -0.10891504294495485
vt 0 0.953125
vt 0 0.953125
vt 0 1
vt 0 1
vt 0 0.953125
vt 0 1
vt 0 0.953125
vt 0 1
vt 0.203125 0.4765625
vt 0.296875 0.4765625
vt 0.296875 0.5234375
vt 0.203125 0.5234375
vt 0.578125 0.703125
vt 0.578125 0.75
vt 0.484375 0.75
vt 0.484375 0.703125
vt 0.09375 1
vt 0 1
vt 0.09375 1
vt 0 1
vt 0.09375 1
vt 0.09375 1
vt 0 1
vt 0 1
vn 0 0 0
vn 0 0 0
vn 1.5700924586837752e-16 -0.7071067811865475 -0.7071067811865476
vn -1.5700924586837752e-16 0.7071067811865475 0.7071067811865476
vn 0 0 0
vn 0 0 0
usemtl m_11845850-9d74-0af3-9624-28c2ed61c2c1
f 297/1113/279 299/1114/279 298/1115/279 300/1116/279
f 301/1117/280 302/1118/280 303/1119/280 304/1120/280
f 301/1121/281 297/1122/281 298/1123/281 302/1124/281
f 300/1125/282 299/1126/282 303/1127/282 304/1128/282
f 297/1129/283 301/1130/283 299/1131/283 303/1132/283
f 298/1133/284 300/1134/284 302/1135/284 304/1136/284
o left
v 0.9375 1.3285849570550448 0.4214150429449557
v 0.5625 1.3285849570550448 0.4214150429449556
v 0.9375 1.3285849570550448 0.4214150429449557
v 0.5625 1.3285849570550448 0.4214150429449556
v 0.9375 1.8589150429449552 -0.10891504294495494
v 0.5625 1.8589150429449552 -0.10891504294495505
v 0.9375 1.8589150429449552 -0.10891504294495494
v 0.5625 1.8589150429449552 -0.10891504294495505
vt 0 0.953125
vt 0 0.953125
vt 0 1
vt 0 1
vt 0 0.953125
vt 0 1
vt 0 0.953125
vt 0 1
vt 0.46875 0.953125
vt 0.5625 0.953125
vt 0.5625 1
vt 0.46875 1
vt 0.5625 0.8984375
vt 0.5625 0.9453125
vt 0.46875 0.9453125
vt 0.46875 0.8984375
vt 0.09375 1
vt 0 1
vt 0.09375 1
vt 0 1
vt 0.09375 1
vt 0.09375 1
vt 0 1
vt 0 1
vn 0 0 0
vn 0 0 0
vn 1.5700924586837752e-16 -0.7071067811865475 -0.7071067811865476
vn -1.5700924586837752e-16 0.7071067811865475 0.7071067811865476
vn 0 0 0
vn 0 0 0
usemtl m_11845850-9d74-0af3-9624-28c2ed61c2c1
f 305/1137/285 307/1138/285 306/1139/285 308/1140/285
f 309/1141/286 310/1142/286 311/1143/286 312/1144/286
f 309/1145/287 305/1146/287 306/1147/287 310/1148/287
f 308/1149/288 307/1150/288 311/1151/288 312/1152/288
f 305/1153/289 309/1154/289 307/1155/289 311/1156/289
f 306/1157/290 308/1158/290 310/1159/290 312/1160/290
o left
v 1.8125 1.1410849570550448 0.2339150429449558
v 1.4375 1.1410849570550448 0.2339150429449557
v 1.8125 1.1410849570550448 0.2339150429449558
v 1.4375 1.1410849570550448 0.2339150429449557
v 1.8125 1.6714150429449552 -0.2964150429449548
v 1.4375 1.6714150429449552 -0.2964150429449549
v 1.8125 1.6714150429449552 -0.2964150429449548
v 1.4375 1.6714150429449552 -0.2964150429449549
vt 0 0.953125
vt 0 0.953125
vt 0 1
vt 0 1
vt 0 0.953125
vt 0 1
vt 0 0.953125
vt 0 1
vt 0.3046875 0.46875
vt 0.3984375 0.46875
vt 0.3984375 0.515625
vt 0.3046875 0.515625
vt 0.5 0.46875
vt 0.5 0.515625
vt 0.40625 0.515625
vt 0.40625 0.46875
vt 0.09375 1
vt 0 1
vt 0.09375 1
vt 0 1
vt 0.09375 1
vt 0.09375 1
vt 0 1
vt 0 1
vn 0 0 0
vn 0 0 0
vn 1.5700924586837752e-16 -0.7071067811865475 -0.7071067811865476
vn -1.5700924586837752e-16 0.7071067811865475 0.7071067811865476
vn 0 0 0
vn 0 0 0
usemtl m_11845850-9d74-0af3-9624-28c2ed61c2c1
f 313/1161/291 315/1162/291 314/1163/291 316/1164/291
f 317/1165/292 318/1166/292 319/1167/292 320/1168/292
f 317/1169/293 313/1170/293 314/1171/293 318/1172/293
f 316/1173/294 315/1174/294 319/1175/294 320/1176/294
f 313/1177/295 317/1178/295 315/1179/295 319/1180/295
f 314/1181/296 316/1182/296 318/1183/296 320/1184/296
o middle
v 1.375 1.1410849570550448 0.23391504294495571
v 1 1.1410849570550448 0.2339150429449556
v 1.375 1.1410849570550448 0.23391504294495571
v 1 1.1410849570550448 0.2339150429449556
v 1.375 1.6714150429449552 -0.2964150429449549
v 1 1.6714150429449552 -0.296415042944955
v 1.375 1.6714150429449552 -0.2964150429449549
v 1 1.6714150429449552 -0.296415042944955
vt 0 0.953125
vt 0 0.953125
vt 0 1
vt 0 1
vt 0 0.953125
vt 0 1
vt 0 0.953125
vt 0 1
vt 0 0.453125
vt 0.09375 0.453125
vt 0.09375 0.5
vt 0 0.5
vt 0.59375 0.5234375
vt 0.59375 0.5703125
vt 0.5 0.5703125
vt 0.5 0.5234375
vt 0.09375 1
vt 0 1
vt 0.09375 1
vt 0 1
vt 0.09375 1
vt 0.09375 1
vt 0 1
vt 0 1
vn 0 0 0
vn 0 0 0
vn 1.5700924586837752e-16 -0.7071067811865475 -0.7071067811865476
vn -1.5700924586837752e-16 0.7071067811865475 0.7071067811865476
vn 0 0 0
vn 0 0 0
usemtl m_11845850-9d74-0af3-9624-28c2ed61c2c1
f 321/1185/297 323/1186/297 322/1187/297 324/1188/297
f 325/1189/298 326/1190/298 327/1191/298 328/1192/298
f 325/1193/299 321/1194/299 322/1195/299 326/1196/299
f 324/1197/300 323/1198/300 327/1199/300 328/1200/300
f 321/1201/301 325/1202/301 323/1203/301 327/1204/301
f 322/1205/302 324/1206/302 326/1207/302 328/1208/302
o right
v 0.9375 1.1410849570550448 0.2339150429449556
v 0.5625 1.1410849570550448 0.2339150429449555
v 0.9375 1.1410849570550448 0.2339150429449556
v 0.5625 1.1410849570550448 0.2339150429449555
v 0.9375 1.6714150429449552 -0.296415042944955
v 0.5625 1.6714150429449552 -0.29641504294495513
v 0.9375 1.6714150429449552 -0.296415042944955
v 0.5625 1.6714150429449552 -0.29641504294495513
vt 0 0.953125
vt 0 0.953125
vt 0 1
vt 0 1
vt 0 0.953125
vt 0 1
vt 0 0.953125
vt 0 1
vt 0.5078125 0.84375
vt 0.6015625 0.84375
vt 0.6015625 0.890625
vt 0.5078125 0.890625
vt 0.6015625 0.6484375
vt 0.6015625 0.6953125
vt 0.5078125 0.6953125
vt 0.5078125 0.6484375
vt 0.09375 1
vt 0 1
vt 0.09375 1
vt 0 1
vt 0.09375 1
vt 0.09375 1
vt 0 1
vt 0 1
vn 0 0 0
vn 0 0 0
vn 1.5700924586837752e-16 -0.7071067811865475 -0.7071067811865476
vn -1.5700924586837752e-16 0.7071067811865475 0.7071067811865476
vn 0 0 0
vn 0 0 0
usemtl m_11845850-9d74-0af3-9624-28c2ed61c2c1
f 329/1209/303 331/1210/303 330/1211/303 332/1212/303
f 333/1213/304 334/1214/304 335/1215/304 336/1216/304
f 333/1217/305 329/1218/305 330/1219/305 334/1220/305
f 332/1221/306 331/1222/306 335/1223/306 336/1224/306
f 329/1225/307 333/1226/307 331/1227/307 335/1228/307
f 330/1229/308 332/1230/308 334/1231/308 336/1232/308
o body
v 0.05024047358083548 1.3125 5.551115123125783e-17
v 0.05024047358083548 1.3125 5.551115123125783e-17
v 0.039452647195552165 1.3527607161731094 5.551115123125783e-17
v 0.039452647195552165 1.3527607161731094 5.551115123125783e-17
v 0.13725952641916445 1.3627404735808355 5.551115123125783e-17
v 0.13725952641916445 1.3627404735808355 5.551115123125783e-17
v 0.10778663663133832 1.3922133633686617 0
v 0.10778663663133832 1.3922133633686617 0
v 0.18749999999999997 1.4497595264191645 0
v 0.18749999999999997 1.4497595264191645 0
v 0.14723928382689053 1.460547352804448 0
v 0.14723928382689053 1.460547352804448 0
v 0.18749999999999997 1.5502404735808355 0
v 0.18749999999999997 1.5502404735808355 0
v 0.14723928382689053 1.5394526471955523 0
v 0.14723928382689053 1.5394526471955523 0
v 0.13725952641916447 1.6372595264191645 -2.7755575615628914e-17
v 0.13725952641916447 1.6372595264191645 -2.7755575615628914e-17
v 0.10778663663133836 1.6077866366313385 -2.7755575615628914e-17
v 0.10778663663133836 1.6077866366313385 -2.7755575615628914e-17
v 0.05024047358083554 1.6875 -2.7755575615628914e-17
v 0.05024047358083554 1.6875 -2.7755575615628914e-17
v 0.03945264719555221 1.6472392838268906 -2.7755575615628914e-17
v 0.03945264719555221 1.6472392838268906 -2.7755575615628914e-17
v -0.05024047358083544 1.6875 -5.551115123125783e-17
v -0.05024047358083544 1.6875 -5.551115123125783e-17
v -0.03945264719555214 1.6472392838268906 -2.7755575615628914e-17
v -0.03945264719555214 1.6472392838268906 -2.7755575615628914e-17
v -0.1372595264191645 1.6372595264191645 -2.7755575615628914e-17
v -0.1372595264191645 1.6372595264191645 -2.7755575615628914e-17
v -0.10778663663133838 1.6077866366313385 -2.7755575615628914e-17
v -0.10778663663133838 1.6077866366313385 -2.7755575615628914e-17
v -0.18749999999999997 1.5502404735808355 0
v -0.18749999999999997 1.5502404735808355 0
v -0.14723928382689058 1.5394526471955523 0
v -0.14723928382689058 1.5394526471955523 0
v -0.18750000000000003 1.4497595264191647 0
v -0.18750000000000003 1.4497595264191647 0
v -0.14723928382689058 1.460547352804448 0
v -0.14723928382689058 1.460547352804448 0
v -0.13725952641916453 1.3627404735808355 5.551115123125783e-17
v -0.13725952641916453 1.3627404735808355 5.551115123125783e-17
v -0.10778663663133842 1.3922133633686617 0
v -0.10778663663133842 1.3922133633686617 0
v -0.0502404735808355 1.3125 5.551115123125783e-17
v -0.0502404735808355 1.3125 5.551115123125783e-17
v -0.03945264719555219 1.3527607161731094 5.551115123125783e-17
v -0.03945264719555219 1.3527607161731094 5.551115123125783e-17
v 0.03945264719555221 1.6472392838268906 -0.3125
v -0.03945264719555214 1.6472392838268906 -0.3125
v -0.05024047358083544 1.6875 -0.31250000000000006
v 0.05024047358083554 1.6875 -0.31250000000000006
v 0.10778663663133836 1.6077866366313385 -0.3125
v 0.13725952641916447 1.6372595264191645 -0.3125
v 0.14723928382689053 1.5394526471955523 -0.3125
v 0.18749999999999997 1.5502404735808355 -0.3125
v 0.14723928382689053 1.460547352804448 -0.3125
v 0.18749999999999997 1.4497595264191645 -0.3125
v 0.13725952641916445 1.3627404735808357 0.5
v 0.18749999999999997 1.4497595264191645 0.5
v 0.14723928382689053 1.460547352804448 0.5
v 0.10778663663133832 1.3922133633686617 0.5
v 0.039452647195552165 1.3527607161731094 -0.31249999999999994
v 0.10778663663133832 1.3922133633686617 -0.3125
v 0.13725952641916445 1.3627404735808355 -0.3125
v 0.05024047358083548 1.3125 -0.31249999999999994
v -0.03945264719555219 1.3527607161731094 -0.31249999999999994
v -0.0502404735808355 1.3125 -0.31249999999999994
v -0.13725952641916453 1.3627404735808357 0.5
v -0.0502404735808355 1.3125000000000002 0.5
v -0.03945264719555219 1.3527607161731097 0.5
v -0.10778663663133842 1.3922133633686617 0.5
v -0.14723928382689058 1.460547352804448 -0.3125
v -0.10778663663133842 1.3922133633686617 -0.3125
v -0.13725952641916453 1.3627404735808355 -0.3125
v -0.18750000000000003 1.4497595264191647 -0.3125
v -0.14723928382689058 1.5394526471955523 -0.3125
v -0.18749999999999997 1.5502404735808355 -0.3125
v -0.10778663663133838 1.6077866366313385 -0.3125
v -0.1372595264191645 1.6372595264191645 -0.3125
v 0.05024047358083548 1.3125000000000002 0.5
v 0.13725952641916445 1.3627404735808357 0.5
v 0.10778663663133832 1.3922133633686617 0.5
v 0.039452647195552165 1.3527607161731097 0.5
v -0.0502404735808355 1.3125000000000002 0.5
v -0.03945264719555219 1.3527607161731097 0.5
v 0.18749999999999997 1.4497595264191645 0.5
v 0.18749999999999997 1.5502404735808355 0.5
v 0.14723928382689053 1.5394526471955523 0.5
v 0.14723928382689053 1.460547352804448 0.5
v 0.13725952641916447 1.6372595264191647 0.5
v 0.10778663663133836 1.6077866366313385 0.5
v 0.05024047358083554 1.6875 0.5
v -0.05024047358083544 1.6875000000000002 0.5
v -0.03945264719555214 1.6472392838268908 0.5
v 0.03945264719555221 1.6472392838268908 0.5
v -0.1372595264191645 1.6372595264191647 0.5
v -0.10778663663133838 1.6077866366313385 0.5
v -0.18749999999999997 1.5502404735808355 0.5
v -0.14723928382689058 1.5394526471955523 0.5
v -0.18750000000000003 1.4497595264191647 0.5
v -0.14723928382689058 1.460547352804448 0.5
v -0.13725952641916453 1.3627404735808357 0.5
v -0.10778663663133842 1.3922133633686617 0.5
v -0.10778663663133842 1.3922133633686617 -0.3125
v -0.03945264719555219 1.3527607161731094 -0.31249999999999994
v -0.0502404735808355 1.3125 -0.31249999999999994
v -0.13725952641916453 1.3627404735808355 -0.3125
v 0.10778663663133832 1.3922133633686617 -0.3125
v 0.14723928382689053 1.460547352804448 -0.3125
v 0.18749999999999997 1.4497595264191645 -0.3125
v 0.13725952641916445 1.3627404735808355 -0.3125
vt 0 1
vt 0.015625 1
vt 0.015625 1
vt 0 1
vt 0 1
vt 0.0078125 1
vt 0.0078125 1
vt 0 1
vt 0.4799609375 0.87993125
vt 0.488503125 0.875
vt 0.4921875 0.878684375
vt 0.481309375 0.8849640625
vt 0.075059375 0.43534843749999996
vt 0.0859375 0.44162812500000004
vt 0.082253125 0.4453125
vt 0.0737109375 0.44038124999999995
vt 0 1
vt 0.015625 1
vt 0.015625 1
vt 0 1
vt 0 1
vt 0.0078125 1
vt 0.0078125 1
vt 0 1
vt 0.2578125 0.40183674333592556
vt 0.2578125 0.3919733669440577
vt 0.265625 0.390625
vt 0.265625 0.4031855763645963
vt 0.5874697118176536 0.46875
vt 0.6000302881823465 0.46875
vt 0.5986819409748081 0.4765625
vt 0.5888185645830161 0.4765625
vt 0 0.984375
vt 0 1
vt 0 1
vt 0 0.984375
vt 0 0.9921875
vt 0 1
vt 0 1
vt 0 0.9921875
vt 0.2762171875 0.39555625000000005
vt 0.2762171875 0.38569374999999995
vt 0.28125 0.38434531250000004
vt 0.28125 0.39690468749999996
vt 0.6328125 0.7202828125
vt 0.6328125 0.7328421875
vt 0.6277796875 0.73149375
vt 0.6277796875 0.72163125
vt 0 0.984375
vt 0 1
vt 0 1
vt 0 0.984375
vt 0 0.9921875
vt 0 1
vt 0 1
vt 0 0.9921875
vt 0.2762171875 0.38569374999999995
vt 0.2712859375 0.37715156250000004
vt 0.2749703125 0.37346718749999996
vt 0.28125 0.38434531250000004
vt 0.6328125 0.7328421875
vt 0.6265328125 0.7437203125
vt 0.6228484375 0.7400359375000001
vt 0.6277796875 0.73149375
vt 0 0.984375
vt 0 1
vt 0 1
vt 0 0.984375
vt 0 0.9921875
vt 0 1
vt 0 1
vt 0 0.9921875
vt 0.2712859375 0.37715156250000004
vt 0.26274375 0.3722203125
vt 0.2640921875 0.3671875
vt 0.2749703125 0.37346718749999996
vt 0.6265328125 0.7437203125
vt 0.6156546875 0.75
vt 0.61430625 0.7449671875
vt 0.6228484375 0.7400359375000001
vt 0.015625 1
vt 0 1
vt 0 1
vt 0.015625 1
vt 0.0078125 1
vt 0 1
vt 0 1
vt 0.0078125 1
vt 0.26274375 0.3722203125
vt 0.25288125 0.3722203125
vt 0.2515328125 0.3671875
vt 0.2640921875 0.3671875
vt 0.6156546875 0.75
vt 0.6030953125 0.75
vt 0.60444375 0.7449671875
vt 0.61430625 0.7449671875
vt 0.015625 1
vt 0 1
vt 0 1
vt 0.015625 1
vt 0.0078125 1
vt 0 1
vt 0 1
vt 0.0078125 1
vt 0.25288125 0.3722203125
vt 0.2443390625 0.37715156250000004
vt 0.2406546875 0.37346718749999996
vt 0.2515328125 0.3671875
vt 0.6030953125 0.75
vt 0.5922171875 0.7437203125
vt 0.5959015625 0.7400359375
vt 0.60444375 0.7449671875
vt 0.015625 1
vt 0 1
vt 0 1
vt 0.015625 1
vt 0.0078125 1
vt 0 1
vt 0 1
vt 0.0078125 1
vt 0.2443390625 0.37715156250000004
vt 0.2394078125 0.38569374999999995
vt 0.234375 0.38434531250000004
vt 0.2406546875 0.37346718749999996
vt 0.5922171875 0.7437203125
vt 0.5859375 0.7328421875
vt 0.5909703125 0.73149375
vt 0.5959015625 0.7400359375
vt 0 1
vt 0 0.984375
vt 0 0.984375
vt 0 1
vt 0 1
vt 0 0.9921875
vt 0 0.9921875
vt 0 1
vt 0.2394078125 0.38569374999999995
vt 0.2394078125 0.39555625000000005
vt 0.234375 0.39690468749999996
vt 0.234375 0.38434531250000004
vt 0.5859375 0.7328421875
vt 0.5859375 0.7202828125
vt 0.5909703125 0.72163125
vt 0.5909703125 0.73149375
vt 0 1
vt 0 0.984375
vt 0 0.984375
vt 0 1
vt 0 1
vt 0 0.9921875
vt 0 0.9921875
vt 0 1
vt 0.2394078125 0.39555625000000005
vt 0.2443390625 0.40409843749999996
vt 0.2406546875 0.40778281250000004
vt 0.234375 0.39690468749999996
vt 0.5859375 0.7202828125
vt 0.5922171875 0.7094046875
vt 0.5959015625 0.7130890624999999
vt 0.5909703125 0.72163125
vt 0 1
vt 0 0.984375
vt 0 0.984375
vt 0 1
vt 0 1
vt 0 0.9921875
vt 0 0.9921875
vt 0 1
vt 0.6122560448463725 0.90625
vt 0.6221194212382405 0.90625
vt 0.6234677881822982 0.9140625
vt 0.6109072118177018 0.9140625
vt 0.34375 0.9453125
vt 0.34375 0.9327519236353071
vt 0.3515625 0.9341002708428455
vt 0.3515625 0.9439636472346375
vt 0 1
vt 0.015625 1
vt 0.015625 1
vt 0 1
vt 0 1
vt 0.0078125 1
vt 0.0078125 1
vt 0 1
vt 0.4700984375 0.87993125
vt 0.4799609375 0.87993125
vt 0.481309375 0.8849640625
vt 0.46875 0.8849640625
vt 0.0625 0.43534843749999996
vt 0.075059375 0.43534843749999996
vt 0.0737109375 0.44038124999999995
vt 0.0638484375 0.44038124999999995
vt 0.24506875 0.3203125
vt 0.25493125 0.3203125
vt 0.25493125 0.359375
vt 0.24506875 0.359375
vt 0.013251562500000001 0.34375
vt 0.0258109375 0.34375
vt 0.0258109375 0.3828125
vt 0.013251562500000001 0.3828125
vt 0.25493125 0.3203125
vt 0.26479375 0.3203125
vt 0.26479375 0.359375
vt 0.25493125 0.359375
vt 0.0006921875000000001 0.34375
vt 0.013251562500000001 0.34375
vt 0.013251562500000001 0.3828125
vt 0.0006921875000000001 0.3828125
vt 0.66591875 0.359375
vt 0.67578125 0.359375
vt 0.67578125 0.3984375
vt 0.66591875 0.3984375
vt 0.1875 0.3046875
vt 0.20005937499999998 0.3046875
vt 0.20005937499999998 0.34375
vt 0.1875 0.34375
vt 0.67578125 0.359375
vt 0.68564375 0.359375
vt 0.68564375 0.3984375
vt 0.67578125 0.3984375
vt 0.174940625 0.3046875
vt 0.1875 0.3046875
vt 0.1875 0.34375
vt 0.174940625 0.34375
vt 0.703125 0.9140625
vt 0.7109375 0.9140625
vt 0.7109375 0.953125
vt 0.703125 0.953125
vt 0.625 0.3671875
vt 0.609375 0.3671875
vt 0.609375 0.3046875
vt 0.625 0.3046875
vt 0.703125 0.4375
vt 0.6953125 0.4375
vt 0.6953125 0.375
vt 0.703125 0.375
vt 0.671875 0.3046875
vt 0.6640625 0.3046875
vt 0.6640625 0.2421875
vt 0.671875 0.2421875
vt 0.1953125 0.296875
vt 0.1875 0.296875
vt 0.1875 0.234375
vt 0.1953125 0.234375
vt 0.66591875 0.3125
vt 0.67578125 0.3125
vt 0.67578125 0.3515625
vt 0.66591875 0.3515625
vt 0.734375 0.5703125
vt 0.7421875 0.5703125
vt 0.7421875 0.609375
vt 0.734375 0.609375
vt 0.34375 0.3046875
vt 0.356309375 0.3046875
vt 0.356309375 0.34375
vt 0.34375 0.34375
vt 0.67578125 0.3125
vt 0.68564375 0.3125
vt 0.68564375 0.3515625
vt 0.67578125 0.3515625
vt 0.331190625 0.3046875
vt 0.34375 0.3046875
vt 0.34375 0.34375
vt 0.331190625 0.34375
vt 0.390625 0.640625
vt 0.3984375 0.640625
vt 0.3984375 0.6796875
vt 0.390625 0.6796875
vt 0.2265625 0.34375
vt 0.2109375 0.34375
vt 0.2109375 0.28125
vt 0.2265625 0.28125
vt 0.0703125 0.3046875
vt 0.0625 0.3046875
vt 0.0625 0.2421875
vt 0.0703125 0.2421875
vt 0.7109375 0.7265625
vt 0.703125 0.7265625
vt 0.703125 0.6640625
vt 0.7109375 0.6640625
vt 0.6875 0.3046875
vt 0.6796875 0.3046875
vt 0.6796875 0.2421875
vt 0.6875 0.2421875
vt 0.64145625 0.7734375
vt 0.65131875 0.7734375
vt 0.65131875 0.8125
vt 0.64145625 0.8125
vt 0.296875 0.2265625
vt 0.3046875 0.2265625
vt 0.3046875 0.265625
vt 0.296875 0.265625
vt 0.6351859375 0.859375
vt 0.6477453125 0.859375
vt 0.6477453125 0.8984375
vt 0.6351859375 0.8984375
vt 0.65131875 0.7734375
vt 0.66118125 0.7734375
vt 0.66118125 0.8125
vt 0.65131875 0.8125
vt 0.6226265625 0.859375
vt 0.6351859375 0.859375
vt 0.6351859375 0.8984375
vt 0.6226265625 0.8984375
vt 0.66118125 0.7734375
vt 0.67104375 0.7734375
vt 0.67104375 0.8125
vt 0.66118125 0.8125
vt 0.6100671875 0.859375
vt 0.6226265625 0.859375
vt 0.6226265625 0.8984375
vt 0.6100671875 0.8984375
vt 0.23520625 0.3203125
vt 0.24506875 0.3203125
vt 0.24506875 0.359375
vt 0.23520625 0.359375
vt 0.0258109375 0.34375
vt 0.0383703125 0.34375
vt 0.0383703125 0.3828125
vt 0.0258109375 0.3828125
vt 0.637559375 0.578125
vt 0.625 0.578125
vt 0.625 0.515625
vt 0.637559375 0.515625
vt 0.0078125 0.296875
vt 0 0.296875
vt 0 0.234375
vt 0.0078125 0.234375
vt 0.64453125 0.3984375
vt 0.63466875 0.3984375
vt 0.63466875 0.3359375
vt 0.64453125 0.3359375
vt 0.625 0.578125
vt 0.612440625 0.578125
vt 0.612440625 0.515625
vt 0.625 0.515625
vt 0.65439375 0.3984375
vt 0.64453125 0.3984375
vt 0.64453125 0.3359375
vt 0.65439375 0.3359375
vt 0.3984375 0.3046875
vt 0.390625 0.3046875
vt 0.390625 0.2421875
vt 0.3984375 0.2421875
vt 0.625 0.7109375
vt 0.612440625 0.7109375
vt 0.612440625 0.6484375
vt 0.625 0.6484375
vt 0.06845625 0.375
vt 0.05859375 0.375
vt 0.05859375 0.3125
vt 0.06845625 0.3125
vt 0.703125 0.3671875
vt 0.6953125 0.3671875
vt 0.6953125 0.3046875
vt 0.703125 0.3046875
vt 0.637559375 0.7109375
vt 0.625 0.7109375
vt 0.625 0.6484375
vt 0.637559375 0.6484375
vt 0.05859375 0.375
vt 0.048731250000000004 0.375
vt 0.048731250000000004 0.3125
vt 0.05859375 0.3125
vt 0.2133109375 0.4140625
vt 0.2007515625 0.4140625
vt 0.2007515625 0.3515625
vt 0.2133109375 0.3515625
vt 0.39555625 0.4140625
vt 0.38569375 0.4140625
vt 0.38569375 0.3515625
vt 0.39555625 0.3515625
vt 0.2007515625 0.4140625
vt 0.1881921875 0.4140625
vt 0.1881921875 0.3515625
vt 0.2007515625 0.3515625
vt 0.40541875 0.4140625
vt 0.39555625 0.4140625
vt 0.39555625 0.3515625
vt 0.40541875 0.3515625
vt 0.2258703125 0.4140625
vt 0.2133109375 0.4140625
vt 0.2133109375 0.3515625
vt 0.2258703125 0.3515625
vt 0.38569375 0.4140625
vt 0.37583125 0.4140625
vt 0.37583125 0.3515625
vt 0.38569375 0.3515625
vt 0.1538765625 0.4140625
vt 0.1413171875 0.4140625
vt 0.1413171875 0.3515625
vt 0.1538765625 0.3515625
vt 0.36635625 0.4140625
vt 0.35649375 0.4140625
vt 0.35649375 0.3515625
vt 0.36635625 0.3515625
vt 0.1664359375 0.4140625
vt 0.1538765625 0.4140625
vt 0.1538765625 0.3515625
vt 0.1664359375 0.3515625
vt 0.35649375 0.4140625
vt 0.34663125 0.4140625
vt 0.34663125 0.3515625
vt 0.35649375 0.3515625
vt 0.1789953125 0.4140625
vt 0.1664359375 0.4140625
vt 0.1664359375 0.3515625
vt 0.1789953125 0.3515625
vt 0.1796875 0.296875
vt 0.171875 0.296875
vt 0.171875 0.234375
vt 0.1796875 0.234375
vt 0.34663125 0.4140625
vt 0.33676875 0.4140625
vt 0.33676875 0.3515625
vt 0.34663125 0.3515625
vt 0.40625 0.2265625
vt 0.4140625 0.2265625
vt 0.4140625 0.265625
vt 0.40625 0.265625
vt 0.28125 0.53125
vt 0.2890625 0.53125
vt 0.2890625 0.5703125
vt 0.28125 0.5703125
vt 0.6875 0.546875
vt 0.703125 0.546875
vt 0.703125 0.5859375
vt 0.6875 0.5859375
vt 0.734375 0.6640625
vt 0.7421875 0.6640625
vt 0.7421875 0.703125
vt 0.734375 0.703125
vt 0.28125 0.2265625
vt 0.2890625 0.2265625
vt 0.2890625 0.265625
vt 0.28125 0.265625
vt 0.265625 0.2265625
vt 0.2734375 0.2265625
vt 0.2734375 0.265625
vt 0.265625 0.265625
vt 0.4140625 0.2734375
vt 0.4296875 0.2734375
vt 0.4296875 0.3125
vt 0.4140625 0.3125
vt 0.734375 0.6171875
vt 0.7421875 0.6171875
vt 0.7421875 0.65625
vt 0.734375 0.65625
vn 0 0 0
vn 0 0 0
vn 0 -2.220446049250313e-16 -1
vn 0 2.220446049250313e-16 1
vn 0 0 0
vn 0 0 0
vn 0 -2.220446049250313e-16 -1
vn 0 2.220446049250313e-16 1
vn 0 0 0
vn 0 0 0
vn 0 -2.220446049250313e-16 -1
vn 0 2.220446049250313e-16 1
vn 0 0 0
vn 0 0 0
vn 0 -2.220446049250313e-16 -1
vn 0 2.220446049250313e-16 1
vn 0 0 0
vn 0 0 0
vn 0 -2.220446049250313e-16 -1
vn 0 2.220446049250313e-16 1
vn 0 0 0
vn 0 0 0
vn 0 -2.220446049250313e-16 -1
vn 0 2.220446049250313e-16 1
vn 0 0 0
vn 0 0 0
vn 0 -2.220446049250313e-16 -1
vn 0 2.220446049250313e-16 1
vn 0 0 0
vn 0 0 0
vn 0 -2.220446049250313e-16 -1
vn 0 2.220446049250313e-16 1
vn 0 0 0
vn 0 0 0
vn 0 -2.220446049250313e-16 -1
vn 0 2.220446049250313e-16 1
vn 0 0 0
vn 0 0 0
vn 0 -2.220446049250313e-16 -1
vn 0 2.220446049250313e-16 1
vn 0 0 0
vn 0 0 0
vn 0 -2.220446049250313e-16 -1
vn 0 2.220446049250313e-16 1
vn 0 0 0
vn 0 0 0
vn 0 -2.220446049250313e-16 -1
vn 0 2.220446049250313e-16 1
vn -7.035161792326583e-16 -1 1.3322676295501876e-16
vn 5.5245449808451715e-16 1 -1.3322676295501878e-16
vn -0.49999999999999956 -0.8660254037844392 3.400512831100835e-17
vn 0.5000000000000002 0.8660254037844387 -1.0942809392567881e-16
vn -0.8660254037844387 -0.49999999999999983 2.3082780058433345e-17
vn 0.8660254037844387 0.5000000000000003 -1.1102230246251573e-16
vn -1 0 0
vn 1 0 0
vn -0.2588190451025207 -0.9659258262890683 4.384036608018477e-17
vn 0.8660254037844384 -0.5000000000000004 7.649389633223342e-17
vn 0.2588190451025207 0.9659258262890683 -2.7192731699203708e-17
vn -0.8660254037844387 0.5000000000000001 -1.2090339757923182e-17
vn -0.7071067811865466 -0.7071067811865486 1.6544830778849856e-17
vn -0.5000000000000002 0.8660254037844387 -1.2194465071509057e-16
vn 0.7071067811865477 0.7071067811865474 -3.2151988011019585e-17
vn 0.5 -0.8660254037844387 1.0942809392567885e-16
vn 0 1 -1.332267629550188e-16
vn 0 -1 1.332267629550188e-16
vn -0.9659258262890683 0.2588190451025205 -3.249792104539144e-17
vn -0.5000000000000001 -0.8660254037844385 1.9229626863835636e-16
vn 0.9659258262890683 -0.2588190451025205 4.186221538469328e-17
vn 0.49999999999999933 0.8660254037844393 -1.483265074363154e-16
vn -0.7071067811865466 0.7071067811865486 -2.174721652290638e-17
vn 0.866025403784439 0.49999999999999956 -2.308278005843334e-17
vn 0.7071067811865485 -0.7071067811865467 3.215198801101947e-17
vn -0.8660254037844392 -0.49999999999999944 1.1102230246251553e-16
vn 1 0 0
vn -1 5.524544980845176e-16 -2.453390815324664e-32
vn 0.8660254037844387 -0.49999999999999983 2.3082780058433432e-17
vn -0.8660254037844388 0.49999999999999967 -2.815412774983805e-17
vn 0.49999999999999917 -0.8660254037844392 1.043567462342743e-16
vn -0.49999999999999967 0.866025403784439 -1.0942809392567897e-16
vn 0.5 -0.8660254037844387 1.4050365944293293e-16
vn 0.7071067811865466 0.7071067811865486 -1.2059254565998163e-16
vn -0.4999999999999992 0.8660254037844392 -2.7409664130702175e-17
vn 0 -1 1.6653345369377348e-16
vn 0 1 -1.6653345369377348e-16
vn -0.9659258262890683 0.2588190451025205 -4.186221538469328e-17
vn 1 0 0
vn -1 0 0
vn -0.2588190451025207 -0.9659258262890683 2.7192731699203708e-17
vn 0.8660254037844389 0.49999999999999967 -2.470128713680986e-17
vn -0.8660254037844387 -0.49999999999999983 2.3082780058433358e-17
vn 5.5245449808451715e-16 1 -1.6653345369377348e-16
vn -7.035161792326583e-16 -1 1.6653345369377348e-16
vn 0.4999999999999997 0.8660254037844388 -1.9229626863835643e-16
vn -0.5000000000000004 -0.8660254037844386 1.3733406713580495e-16
vn -0.49999999999999967 0.8660254037844389 -1.4050365944293303e-16
vn 0.5000000000000001 -0.8660254037844386 2.7409664130702347e-17
vn -0.8660254037844392 0.49999999999999917 -7.649389633223319e-17
vn 0.8660254037844388 -0.49999999999999994 3.4075220358943725e-17
vn -1 5.524544980845176e-16 -1.5333692595779148e-32
vn 1 0 0
vn -0.8660254037844386 -0.5000000000000001 -9.827118993472432e-18
vn 0.7071067811865466 -0.7071067811865486 1.5700924586837774e-16
vn 0.8660254037844392 0.49999999999999956 -1.0978994574127715e-18
vn 0.5000000000000002 0.8660254037844387 -3.4005128311008476e-17
vn 0.9659258262890683 -0.2588190451025205 3.249792104539144e-17
vn -0.4999999999999998 -0.8660254037844388 1.0942809392567891e-16
vn -0.7071067811865485 0.7071067811865467 -1.5700924586837732e-16
vn -0.8660254037844387 0.5000000000000001 -2.3082780058433456e-17
vn 0.2588190451025207 0.9659258262890683 -4.384036608018477e-17
vn 0.8660254037844388 -0.5 2.815412774983813e-17
vn -0.7071067811865477 -0.7071067811865474 9.874252553494378e-17
usemtl m_11845850-9d74-0af3-9624-28c2ed61c2c1
f 337/1233/309 341/1234/309 342/1235/309 338/1236/309
f 340/1237/310 344/1238/310 343/1239/310 339/1240/310
f 399/1241/311 400/1242/311 401/1243/311 402/1244/311
f 417/1245/312 418/1246/312 419/1247/312 420/1248/312
f 341/1249/313 345/1250/313 346/1251/313 342/1252/313
f 344/1253/314 348/1254/314 347/1255/314 343/1256/314
f 445/1257/315 446/1258/315 447/1259/315 448/1260/315
f 395/1261/316 396/1262/316 397/1263/316 398/1264/316
f 345/1265/317 349/1266/317 350/1267/317 346/1268/317
f 348/1269/318 352/1270/318 351/1271/318 347/1272/318
f 393/1273/319 391/1274/319 392/1275/319 394/1276/319
f 423/1277/320 424/1278/320 425/1279/320 426/1280/320
f 349/1281/321 353/1282/321 354/1283/321 350/1284/321
f 352/1285/322 356/1286/322 355/1287/322 351/1288/322
f 391/1289/323 389/1290/323 390/1291/323 392/1292/323
f 424/1293/324 427/1294/324 428/1295/324 425/1296/324
f 353/1297/325 357/1298/325 358/1299/325 354/1300/325
f 356/1301/326 360/1302/326 359/1303/326 355/1304/326
f 389/1305/327 385/1306/327 388/1307/327 390/1308/327
f 427/1309/328 429/1310/328 432/1311/328 428/1312/328
f 357/1313/329 361/1314/329 362/1315/329 358/1316/329
f 360/1317/330 364/1318/330 363/1319/330 359/1320/330
f 385/1321/331 386/1322/331 387/1323/331 388/1324/331
f 429/1325/332 430/1326/332 431/1327/332 432/1328/332
f 361/1329/333 365/1330/333 366/1331/333 362/1332/333
f 364/1333/334 368/1334/334 367/1335/334 363/1336/334
f 386/1337/335 415/1338/335 416/1339/335 387/1340/335
f 430/1341/336 433/1342/336 434/1343/336 431/1344/336
f 365/1345/337 370/1346/337 369/1347/337 366/1348/337
f 368/1349/338 371/1350/338 372/1351/338 367/1352/338
f 415/1353/339 413/1354/339 414/1355/339 416/1356/339
f 433/1357/340 435/1358/340 436/1359/340 434/1360/340
f 369/1361/341 373/1362/341 374/1363/341 370/1364/341
f 372/1365/342 376/1366/342 375/1367/342 371/1368/342
f 413/1369/343 409/1370/343 412/1371/343 414/1372/343
f 435/1373/344 437/1374/344 438/1375/344 436/1376/344
f 373/1377/345 377/1378/345 378/1379/345 374/1380/345
f 376/1381/346 380/1382/346 379/1383/346 375/1384/346
f 409/1385/347 410/1386/347 411/1387/347 412/1388/347
f 437/1389/348 439/1390/348 440/1391/348 438/1392/348
f 377/1393/349 381/1394/349 382/1395/349 378/1396/349
f 380/1397/350 384/1398/350 383/1399/350 379/1400/350
f 441/1401/351 442/1402/351 443/1403/351 444/1404/351
f 405/1405/352 406/1406/352 407/1407/352 408/1408/352
f 381/1409/353 338/1410/353 337/1411/353 382/1412/353
f 384/1413/354 340/1414/354 339/1415/354 383/1416/354
f 403/1417/355 399/1418/355 402/1419/355 404/1420/355
f 421/1421/356 417/1422/356 420/1423/356 422/1424/356
f 386/1425/357 385/1426/357 359/1427/357 363/1428/357
f 388/1429/358 387/1430/358 361/1431/358 357/1432/358
f 385/1433/359 389/1434/359 355/1435/359 359/1436/359
f 390/1437/360 388/1438/360 357/1439/360 353/1440/360
f 389/1441/361 391/1442/361 351/1443/361 355/1444/361
f 392/1445/362 390/1446/362 353/1447/362 349/1448/362
f 391/1449/363 393/1450/363 347/1451/363 351/1452/363
f 394/1453/364 392/1454/364 349/1455/364 345/1456/364
f 393/1457/365 394/1458/365 345/1459/365 347/1460/365
f 396/1461/366 395/1462/366 342/1463/366 346/1464/366
f 397/1465/367 396/1466/367 346/1467/367 348/1468/367
f 398/1469/368 397/1470/368 348/1471/368 344/1472/368
f 395/1473/369 398/1474/369 344/1475/369 342/1476/369
f 400/1477/370 399/1478/370 339/1479/370 343/1480/370
f 401/1481/371 400/1482/371 343/1483/371 341/1484/371
f 402/1485/372 401/1486/372 341/1487/372 337/1488/372
f 399/1489/373 403/1490/373 383/1491/373 339/1492/373
f 404/1493/374 402/1494/374 337/1495/374 381/1496/374
f 403/1497/375 404/1498/375 381/1499/375 383/1500/375
f 406/1501/376 405/1502/376 378/1503/376 382/1504/376
f 407/1505/377 406/1506/377 382/1507/377 384/1508/377
f 408/1509/378 407/1510/378 384/1511/378 380/1512/378
f 405/1513/379 408/1514/379 380/1515/379 378/1516/379
f 410/1517/380 409/1518/380 375/1519/380 379/1520/380
f 411/1521/381 410/1522/381 379/1523/381 377/1524/381
f 412/1525/382 411/1526/382 377/1527/382 373/1528/382
f 409/1529/383 413/1530/383 371/1531/383 375/1532/383
f 414/1533/384 412/1534/384 373/1535/384 369/1536/384
f 413/1537/385 415/1538/385 367/1539/385 371/1540/385
f 416/1541/386 414/1542/386 369/1543/386 365/1544/386
f 415/1545/387 386/1546/387 363/1547/387 367/1548/387
f 387/1549/388 416/1550/388 365/1551/388 361/1552/388
f 418/1553/389 417/1554/389 338/1555/389 342/1556/389
f 419/1557/390 418/1558/390 342/1559/390 344/1560/390
f 420/1561/391 419/1562/391 344/1563/391 340/1564/391
f 417/1565/392 421/1566/392 382/1567/392 338/1568/392
f 422/1569/393 420/1570/393 340/1571/393 384/1572/393
f 421/1573/394 422/1574/394 384/1575/394 382/1576/394
f 424/1577/395 423/1578/395 346/1579/395 350/1580/395
f 426/1581/396 425/1582/396 352/1583/396 348/1584/396
f 423/1585/397 426/1586/397 348/1587/397 346/1588/397
f 427/1589/398 424/1590/398 350/1591/398 354/1592/398
f 425/1593/399 428/1594/399 356/1595/399 352/1596/399
f 430/1597/400 429/1598/400 358/1599/400 362/1600/400
f 432/1601/401 431/1602/401 364/1603/401 360/1604/401
f 429/1605/402 427/1606/402 354/1607/402 358/1608/402
f 428/1609/403 432/1610/403 360/1611/403 356/1612/403
f 433/1613/404 430/1614/404 362/1615/404 366/1616/404
f 431/1617/405 434/1618/405 368/1619/405 364/1620/405
f 435/1621/406 433/1622/406 366/1623/406 370/1624/406
f 434/1625/407 436/1626/407 372/1627/407 368/1628/407
f 437/1629/408 435/1630/408 370/1631/408 374/1632/408
f 436/1633/409 438/1634/409 376/1635/409 372/1636/409
f 439/1637/410 437/1638/410 374/1639/410 378/1640/410
f 440/1641/411 439/1642/411 378/1643/411 380/1644/411
f 438/1645/412 440/1646/412 380/1647/412 376/1648/412
f 442/1649/413 441/1650/413 379/1651/413 383/1652/413
f 443/1653/414 442/1654/414 383/1655/414 381/1656/414
f 444/1657/415 443/1658/415 381/1659/415 377/1660/415
f 441/1661/416 444/1662/416 377/1663/416 379/1664/416
f 446/1665/417 445/1666/417 343/1667/417 347/1668/417
f 447/1669/418 446/1670/418 347/1671/418 345/1672/418
f 448/1673/419 447/1674/419 345/1675/419 341/1676/419
f 445/1677/420 448/1678/420 341/1679/420 343/1680/420
o head
v -1.3877787807814457e-17 1.25 -0.3125
v -1.3877787807814457e-17 1.75 -0.3125
v 0.03349364905389031 1.7165063509461096 -0.18750000000000006
v 0.0580127018922193 1.625 -0.09599364905389038
v 0.06698729810778065 1.5 -0.06250000000000003
v 0.058012701892219305 1.375 -0.09599364905389032
v 0.03349364905389031 1.2834936490538904 -0.18750000000000006
v 0.0915063509461096 1.7165063509461096 -0.22099364905389038
v 0.15849364905389032 1.625 -0.15400635094610968
v 0.18301270189221927 1.5 -0.1294872981077807
v 0.15849364905389032 1.375 -0.15400635094610968
v 0.0915063509461096 1.2834936490538904 -0.22099364905389038
v 0.12499999999999994 1.7165063509461096 -0.2790063509461097
v 0.21650635094610962 1.625 -0.2544872981077807
v 0.24999999999999997 1.5 -0.24551270189221935
v 0.21650635094610968 1.375 -0.2544872981077807
v 0.12499999999999994 1.2834936490538904 -0.2790063509461097
v 0.12499999999999994 1.7165063509461096 -0.34599364905389035
v 0.21650635094610962 1.625 -0.37051270189221935
v 0.24999999999999997 1.5 -0.3794872981077807
v 0.21650635094610968 1.375 -0.37051270189221935
v 0.12499999999999994 1.2834936490538904 -0.34599364905389035
v 0.09150635094610962 1.7165063509461096 -0.40400635094610965
v 0.15849364905389032 1.625 -0.4709936490538903
v 0.1830127018922193 1.5 -0.4955127018922193
v 0.15849364905389032 1.375 -0.4709936490538903
v 0.09150635094610962 1.2834936490538904 -0.40400635094610965
v 0.03349364905389034 1.7165063509461096 -0.43749999999999994
v 0.05801270189221936 1.625 -0.5290063509461096
v 0.06698729810778073 1.5 -0.5625
v 0.05801270189221936 1.375 -0.5290063509461097
v 0.03349364905389034 1.2834936490538904 -0.43749999999999994
v -0.03349364905389028 1.7165063509461096 -0.4375
v -0.05801270189221924 1.625 -0.5290063509461097
v -0.06698729810778058 1.5 -0.5625
v -0.05801270189221925 1.375 -0.5290063509461097
v -0.03349364905389028 1.2834936490538904 -0.4375
v -0.09150635094610964 1.7165063509461096 -0.40400635094610965
v -0.15849364905389032 1.625 -0.4709936490538904
v -0.18301270189221933 1.5 -0.49551270189221935
v -0.15849364905389032 1.375 -0.4709936490538904
v -0.09150635094610964 1.2834936490538904 -0.40400635094610965
v -0.12499999999999999 1.7165063509461096 -0.3459936490538903
v -0.21650635094610968 1.625 -0.3705127018922193
v -0.24999999999999994 1.5 -0.37948729810778065
v -0.21650635094610968 1.375 -0.3705127018922193
v -0.12499999999999999 1.2834936490538904 -0.3459936490538903
v -0.12499999999999999 1.7165063509461096 -0.27900635094610976
v -0.21650635094610968 1.625 -0.2544872981077808
v -0.25 1.5 -0.24551270189221946
v -0.21650635094610973 1.375 -0.2544872981077808
v -0.12499999999999999 1.2834936490538904 -0.27900635094610976
v -0.09150635094610965 1.7165063509461096 -0.2209936490538904
v -0.15849364905389038 1.625 -0.15400635094610973
v -0.18301270189221935 1.5 -0.12948729810778073
v -0.15849364905389038 1.375 -0.15400635094610973
v -0.09150635094610965 1.2834936490538904 -0.2209936490538904
v -0.03349364905389033 1.7165063509461096 -0.18750000000000006
v -0.058012701892219305 1.625 -0.09599364905389038
v -0.06698729810778065 1.5 -0.06250000000000003
v -0.05801270189221931 1.375 -0.09599364905389032
v -0.03349364905389033 1.2834936490538904 -0.18750000000000006
vt 0.5471136293140263 0.6079283601644428
vt 0.5549067543693981 0.6109913093050168
vt 0.5450929101749158 0.6245152972647288
vt 0.5471136293140263 0.6079283601644428
vt 0.5501784730640263 0.5917517976644429
vt 0.5636764739529909 0.5970569467450189
vt 0.5549067543693981 0.6109913093050168
vt 0.5703113323598594 0.4332585325970295
vt 0.5669671875 0.41739169696454415
vt 0.5835537392813184 0.4150799611943339
vt 0.5846756142813183 0.43125652369433387
vt 0.5669671875 0.41739169696454415
vt 0.5658453125 0.40121513446454415
vt 0.5802095944214589 0.3992131255618485
vt 0.5835537392813184 0.4150799611943339
vt 0.5658453125 0.40121513446454415
vt 0.5666478055854702 0.3847703648895062
vt 0.5749410814761293 0.3836144970044011
vt 0.5802095944214589 0.3992131255618485
vt 0.10916504803061255 0.39582192239001945
vt 0.10184296875 0.39988413983555715
vt 0.09765625 0.38370757733555716
vt 0.5549067543693982 0.6109913093050168
vt 0.5610393780010812 0.6166926585276595
vt 0.5469586850503227 0.6256895398892464
vt 0.5549067543693982 0.6109913093050168
vt 0.5636764739529909 0.5970569467450189
vt 0.5742984206873223 0.606931909141841
vt 0.5610393780010812 0.6166926585276595
vt 0.5793868857186817 0.8062565236943339
vt 0.5805087607186816 0.7900799611943339
vt 0.5970953125 0.7923916969645441
vt 0.5937511676401406 0.8082585325970295
vt 0.5805087607186816 0.7900799611943339
vt 0.5838529055785411 0.7742131255618485
vt 0.5982171875 0.7762151344645442
vt 0.5970953125 0.7923916969645441
vt 0.12126764894787599 0.4069844262563469
vt 0.10916504803061255 0.39582192239001945
vt 0.11359706706899975 0.3887175812657645
vt 0.12894408125134865 0.3946794263841069
vt 0.11359706706899975 0.3887175812657645
vt 0.10916504803061255 0.39582192239001945
vt 0.09765625 0.38370757733555716
vt 0.5610393780010812 0.6166926585276595
vt 0.5636360936455247 0.6246532818341795
vt 0.5469586850503227 0.6256895398892464
vt 0.20675078125 0.9453125
vt 0.2036859375 0.9296875
vt 0.2181890625 0.9296875
vt 0.21512421875 0.9453125
vt 0.6032359212951627 0.8122242186526334
vt 0.5977335357232902 0.7969709065254106
vt 0.6138421875 0.7923916969645441
vt 0.6171863323598594 0.8082585325970295
vt 0.5970953125 0.7923916969645441
vt 0.5982171875 0.7762151344645442
vt 0.6127203125 0.7762151344645442
vt 0.6138421875 0.7923916969645441
vt 0.5986192104385731 0.7728240350235296
vt 0.6053814776445968 0.7578125
vt 0.6135228055854702 0.7597703648895062
vt 0.6127203125 0.7762151344645442
vt 0.11402606845800592 0.3803551406307204
vt 0.11359706706899975 0.3887175812657645
vt 0.09765625 0.38370757733555716
vt 0.5636360936455247 0.6246532818341795
vt 0.5620448206402294 0.6328741276415781
vt 0.5469586850503227 0.6256895398892464
vt 0.6473547559301108 0.4375
vt 0.6340957132438697 0.4277392506141815
vt 0.6447176599782012 0.41786428821735944
vt 0.6534873795617939 0.43179865077735724
vt 0.6171863323598594 0.8082585325970295
vt 0.6138421875 0.7923916969645441
vt 0.6304287392813184 0.7900799611943339
vt 0.6315506142813183 0.8062565236943339
vt 0.6138421875 0.7923916969645441
vt 0.6127203125 0.7762151344645442
vt 0.6270845944214589 0.7742131255618485
vt 0.6304287392813184 0.7900799611943339
vt 0.6127203125 0.7762151344645442
vt 0.6135228055854702 0.7597703648895062
vt 0.6218160814761293 0.7586144970044011
vt 0.6270845944214589 0.7742131255618485
vt 0.11034432245427053 0.3728345554187582
vt 0.11402606845800592 0.3803551406307204
vt 0.09765625 0.38370757733555716
vt 0.553135597211066 0.6373333959380509
vt 0.5454362596898396 0.640625
vt 0.5429269105640263 0.6241049226644428
vt 0.6534873795617939 0.43179865077735735
vt 0.6447176599782012 0.41786428821735944
vt 0.6582156608671658 0.4125591391367833
vt 0.6612805046171657 0.42873570163678343
vt 0.5715743857186817 0.9937565236943339
vt 0.5726962607186816 0.9775799611943339
vt 0.5892828125 0.9798916969645441
vt 0.5859386676401406 0.9957585325970295
vt 0.5726962607186816 0.9775799611943339
vt 0.5760404055785411 0.9617131255618485
vt 0.5904046875 0.9637151344645442
vt 0.5892828125 0.9798916969645441
vt 0.5760404055785411 0.9617131255618485
vt 0.5813089185238707 0.9461144970044011
vt 0.5896021944145298 0.9472703648895062
vt 0.5904046875 0.9637151344645442
vt 0.10347637979880622 0.36804437595994255
vt 0.11034432245427053 0.3728345554187582
vt 0.09765625 0.38370757733555716
vt 0.5454362596898396 0.640625
vt 0.5371067807652201 0.6397681240400575
vt 0.5429269105640263 0.6241049226644428
vt 0.6612805046171657 0.42873570163678343
vt 0.6582156608671658 0.4125591391367833
vt 0.6727187858671657 0.4125591391367833
vt 0.6696539421171658 0.42873570163678343
vt 0.5954234212951627 0.9997242186526334
vt 0.5899210357232902 0.9844709065254106
vt 0.6060296875 0.9798916969645441
vt 0.6093738323598594 0.9957585325970295
vt 0.5892828125 0.9798916969645441
vt 0.5904046875 0.9637151344645442
vt 0.6049078125 0.9637151344645442
vt 0.6060296875 0.9798916969645441
vt 0.5908067104385731 0.9603240350235296
vt 0.5975689776445968 0.9453125
vt 0.6057103055854702 0.9472703648895062
vt 0.6049078125 0.9637151344645442
vt 0.09514690087418681 0.3671875
vt 0.10347637979880622 0.36804437595994255
vt 0.09765625 0.38370757733555716
vt 0.5371067807652201 0.6397681240400575
vt 0.5302388381097558 0.6349779445812418
vt 0.5429269105640263 0.6241049226644428
vt 0.6696539421171658 0.42873570163678343
vt 0.6727187858671657 0.4125591391367833
vt 0.6862167867561303 0.41786428821735944
vt 0.6774470671725376 0.43179865077735735
vt 0.6093738323598594 0.9957585325970295
vt 0.6060296875 0.9798916969645441
vt 0.6226162392813184 0.9775799611943339
vt 0.6237381142813183 0.9937565236943339
vt 0.6060296875 0.9798916969645441
vt 0.6049078125 0.9637151344645442
vt 0.6192720944214589 0.9617131255618485
vt 0.6226162392813184 0.9775799611943339
vt 0.6049078125 0.9637151344645442
vt 0.6057103055854702 0.9472703648895062
vt 0.6140035814761293 0.9461144970044011
vt 0.6192720944214589 0.9617131255618485
vt 0.08496817754572947 0.3728345554187582
vt 0.09183612020119378 0.36804437595994255
vt 0.09765625 0.38370757733555716
vt 0.5302388381097558 0.6349779445812418
vt 0.5265570921060204 0.6274573593692796
vt 0.5429269105640263 0.6241049226644428
vt 0.010996418523870639 0.4445105029955989
vt 0.005727905578541047 0.4289118744381515
vt 0.0200921875 0.42690986553545585
vt 0.019289694414529823 0.4433546351104938
vt 0.005727905578541047 0.4289118744381515
vt 0.0023837607186816337 0.4130450388056661
vt 0.0189703125 0.41073330303545585
vt 0.0200921875 0.42690986553545585
vt 0.0023837607186816337 0.4130450388056661
vt 0.0012618857186816289 0.39686847630566613
vt 0.015626167640140583 0.3948664674029705
vt 0.0189703125 0.41073330303545585
vt 0.15006193705551774 0.5998718625599979
vt 0.15883165663911047 0.5859375
vt 0.16662478169448228 0.5890004491405739
vt 0.1635599379444823 0.6051770116405739
vt 0.08128643154199408 0.3803551406307204
vt 0.08496817754572947 0.3728345554187582
vt 0.09765625 0.38370757733555716
vt 0.5265570921060204 0.6274573593692796
vt 0.5269860934950266 0.6190949187342354
vt 0.5429269105640263 0.6241049226644428
vt 0.019289694414529823 0.4433546351104938
vt 0.0200921875 0.42690986553545585
vt 0.03419328956142684 0.4303009649764703
vt 0.027431022355403175 0.4453125
vt 0.0200921875 0.42690986553545585
vt 0.0189703125 0.41073330303545585
vt 0.0357171875 0.41073330303545585
vt 0.0345953125 0.42690986553545585
vt 0.019608535723290257 0.4061540934745894
vt 0.025110921295162663 0.3909007813473666
vt 0.039061332359859424 0.3948664674029705
vt 0.0357171875 0.41073330303545585
vt 0.1635599379444823 0.6051770116405739
vt 0.16662478169448228 0.5890004491405739
vt 0.17499821919448227 0.5890004491405739
vt 0.17806306294448226 0.6051770116405739
vt 0.08171543293100025 0.3887175812657645
vt 0.08128643154199408 0.3803551406307204
vt 0.09765625 0.38370757733555716
vt 0.5269860934950266 0.6190949187342354
vt 0.5314181125334138 0.6119905776099805
vt 0.5429269105640263 0.6241049226644428
vt 0.5269860934950266 0.6190949187342354
vt 0.5116390793126777 0.6131330736158931
vt 0.5193155116161503 0.6008280737436531
vt 0.5314181125334138 0.6119905776099805
vt 0.0345953125 0.42690986553545585
vt 0.0357171875 0.41073330303545585
vt 0.05230373928131837 0.4130450388056661
vt 0.04895959442145896 0.4289118744381515
vt 0.0357171875 0.41073330303545585
vt 0.039061332359859424 0.3948664674029705
vt 0.05342561428131837 0.39686847630566613
vt 0.05230373928131837 0.4130450388056661
vt 0.06636841874865135 0.3946794263841069
vt 0.08171543293100025 0.3887175812657645
vt 0.08614745196938745 0.39582192239001945
vt 0.074044851052124 0.4069844262563469
vt 0.08614745196938745 0.39582192239001945
vt 0.08171543293100025 0.3887175812657645
vt 0.09765625 0.38370757733555716
vt 0.5314181125334138 0.6119905776099805
vt 0.5387401918140263 0.6079283601644428
vt 0.5429269105640263 0.6241049226644428
vt 0.5314181125334138 0.6119905776099805
vt 0.5208903282970687 0.599331975767704
vt 0.5335724592697587 0.5922960544522571
vt 0.5387401918140263 0.6079283601644428
vt 0.5325118857186817 0.43125652369433387
vt 0.5336337607186816 0.4150799611943339
vt 0.5502203125 0.41739169696454415
vt 0.5468761676401406 0.4332585325970295
vt 0.5336337607186816 0.4150799611943339
vt 0.5369779055785411 0.3992131255618485
vt 0.5513421875 0.40121513446454415
vt 0.5502203125 0.41739169696454415
vt 0.5369779055785411 0.3992131255618485
vt 0.5422464185238707 0.3836144970044011
vt 0.5505396944145298 0.3847703648895062
vt 0.5513421875 0.40121513446454415
vt 0.09346953125 0.39988413983555715
vt 0.08614745196938745 0.39582192239001945
vt 0.09765625 0.38370757733555716
vt 0.5387401918140263 0.6079283601644428
vt 0.5471136293140263 0.6079283601644428
vt 0.5429269105640263 0.6241049226644428
vt 0.5387401918140263 0.6079283601644428
vt 0.5356753480640263 0.5917517976644429
vt 0.5501784730640263 0.5917517976644429
vt 0.5471136293140263 0.6079283601644428
vt 0.5563609212951627 0.4372242186526334
vt 0.5508585357232902 0.4219709065254106
vt 0.5669671875 0.41739169696454415
vt 0.5703113323598594 0.4332585325970295
vt 0.5502203125 0.41739169696454415
vt 0.5513421875 0.40121513446454415
vt 0.5658453125 0.40121513446454415
vt 0.5669671875 0.41739169696454415
vt 0.5517442104385731 0.3978240350235296
vt 0.5585064776445968 0.3828125
vt 0.5666478055854702 0.3847703648895062
vt 0.5658453125 0.40121513446454415
vt 0.10184296875 0.39988413983555715
vt 0.09346953125 0.39988413983555715
vt 0.09765625 0.38370757733555716
vn 0.1294095225512605 0.9659258262890683 0.22414386804201356
vn 0.3535533905932736 0.7071067811865478 0.6123724356957945
vn 0.48296291314453416 0.25881904510252085 0.8365163037378078
vn 0.4829629131445344 -0.2588190451025205 0.8365163037378078
vn 0.35355339059327384 -0.7071067811865477 0.6123724356957945
vn 0.1294095225512605 -0.9659258262890683 0.22414386804201356
vn 0.22414386804201353 0.9659258262890683 0.12940952255126054
vn 0.6123724356957942 0.7071067811865479 0.3535533905932734
vn 0.836516303737808 0.2588190451025205 0.4829629131445344
vn 0.8365163037378078 -0.2588190451025206 0.48296291314453427
vn 0.6123724356957944 -0.7071067811865476 0.35355339059327395
vn 0.22414386804201353 -0.9659258262890683 0.12940952255126054
vn 0.25881904510252096 0.9659258262890683 0
vn 0.7071067811865474 0.7071067811865478 0
vn 0.9659258262890683 0.2588190451025209 0
vn 0.9659258262890683 -0.2588190451025205 0
vn 0.7071067811865475 -0.7071067811865476 0
vn 0.25881904510252096 -0.9659258262890683 0
vn 0.22414386804201353 0.9659258262890683 -0.12940952255126048
vn 0.6123724356957945 0.7071067811865478 -0.3535533905932737
vn 0.8365163037378078 0.25881904510252085 -0.48296291314453416
vn 0.8365163037378077 -0.2588190451025205 -0.4829629131445346
vn 0.6123724356957945 -0.7071067811865477 -0.35355339059327384
vn 0.22414386804201353 -0.9659258262890683 -0.12940952255126048
vn 0.12940952255126048 0.9659258262890683 -0.22414386804201356
vn 0.3535533905932737 0.7071067811865478 -0.6123724356957944
vn 0.48296291314453405 0.25881904510252085 -0.8365163037378079
vn 0.48296291314453454 -0.258819045102521 -0.8365163037378078
vn 0.3535533905932738 -0.7071067811865475 -0.6123724356957947
vn 0.12940952255126048 -0.9659258262890683 -0.22414386804201356
vn 1.608589638639307e-16 0.9659258262890683 -0.258819045102521
vn 3.4660289604073963e-16 0.7071067811865478 -0.7071067811865472
vn 4.0022255066204975e-16 0.2588190451025207 -0.9659258262890683
vn 4.621371947209864e-16 -0.25881904510252035 -0.9659258262890684
vn 4.0022255066204965e-16 -0.7071067811865477 -0.7071067811865474
vn 1.608589638639307e-16 -0.9659258262890683 -0.258819045102521
vn -0.12940952255126045 0.9659258262890683 -0.2241438680420136
vn -0.35355339059327334 0.7071067811865478 -0.6123724356957945
vn -0.48296291314453377 0.2588190451025207 -0.8365163037378084
vn -0.4829629131445343 -0.25881904510252035 -0.8365163037378082
vn -0.3535533905932735 -0.7071067811865477 -0.6123724356957946
vn -0.12940952255126045 -0.9659258262890683 -0.2241438680420136
vn -0.22414386804201353 0.9659258262890683 -0.1294095225512605
vn -0.6123724356957942 0.7071067811865478 -0.3535533905932737
vn -0.8365163037378083 0.25881904510252085 -0.48296291314453366
vn -0.8365163037378079 -0.258819045102521 -0.4829629131445342
vn -0.6123724356957946 -0.7071067811865476 -0.3535533905932739
vn -0.22414386804201353 -0.9659258262890683 -0.1294095225512605
vn -0.2588190451025209 0.9659258262890683 0
vn -0.7071067811865472 0.7071067811865478 0
vn -0.9659258262890685 0.2588190451025203 -4.0022255066205024e-16
vn -0.9659258262890684 -0.25881904510252035 -4.621371947209868e-16
vn -0.7071067811865476 -0.7071067811865476 0
vn -0.2588190451025209 -0.9659258262890683 0
vn -0.2241438680420136 0.9659258262890683 0.12940952255126048
vn -0.6123724356957945 0.7071067811865477 0.35355339059327345
vn -0.8365163037378083 0.2588190451025207 0.48296291314453377
vn -0.8365163037378082 -0.25881904510252035 0.4829629131445343
vn -0.6123724356957946 -0.7071067811865477 0.35355339059327356
vn -0.2241438680420136 -0.9659258262890683 0.12940952255126048
vn -0.12940952255126054 0.9659258262890683 0.22414386804201356
vn -0.3535533905932736 0.7071067811865478 0.6123724356957944
vn -0.4829629131445341 0.25881904510252085 0.8365163037378079
vn -0.4829629131445345 -0.258819045102521 0.8365163037378077
vn -0.3535533905932739 -0.7071067811865475 0.6123724356957945
vn -0.12940952255126054 -0.9659258262890683 0.22414386804201356
vn 0 0.9659258262890683 0.25881904510252096
vn 0 0.7071067811865478 0.7071067811865474
vn 0 0.2588190451025209 0.9659258262890683
vn 0 -0.2588190451025206 0.9659258262890684
vn 0 -0.7071067811865477 0.7071067811865474
vn 0 -0.9659258262890683 0.25881904510252096
usemtl m_11845850-9d74-0af3-9624-28c2ed61c2c1
f 451/1681/421 456/1682/421 450/1683/421
f 451/1684/422 452/1685/422 457/1686/422 456/1687/422
f 452/1688/423 453/1689/423 458/1690/423 457/1691/423
f 453/1692/424 454/1693/424 459/1694/424 458/1695/424
f 454/1696/425 455/1697/425 460/1698/425 459/1699/425
f 460/1700/426 455/1701/426 449/1702/426
f 456/1703/427 461/1704/427 450/1705/427
f 456/1706/428 457/1707/428 462/1708/428 461/1709/428
f 457/1710/429 458/1711/429 463/1712/429 462/1713/429
f 458/1714/430 459/1715/430 464/1716/430 463/1717/430
f 459/1718/431 460/1719/431 465/1720/431 464/1721/431
f 465/1722/432 460/1723/432 449/1724/432
f 461/1725/433 466/1726/433 450/1727/433
f 461/1728/434 462/1729/434 467/1730/434 466/1731/434
f 462/1732/435 463/1733/435 468/1734/435 467/1735/435
f 463/1736/436 464/1737/436 469/1738/436 468/1739/436
f 464/1740/437 465/1741/437 470/1742/437 469/1743/437
f 470/1744/438 465/1745/438 449/1746/438
f 466/1747/439 471/1748/439 450/1749/439
f 466/1750/440 467/1751/440 472/1752/440 471/1753/440
f 467/1754/441 468/1755/441 473/1756/441 472/1757/441
f 468/1758/442 469/1759/442 474/1760/442 473/1761/442
f 469/1762/443 470/1763/443 475/1764/443 474/1765/443
f 475/1766/444 470/1767/444 449/1768/444
f 471/1769/445 476/1770/445 450/1771/445
f 471/1772/446 472/1773/446 477/1774/446 476/1775/446
f 472/1776/447 473/1777/447 478/1778/447 477/1779/447
f 473/1780/448 474/1781/448 479/1782/448 478/1783/448
f 474/1784/449 475/1785/449 480/1786/449 479/1787/449
f 480/1788/450 475/1789/450 449/1790/450
f 476/1791/451 481/1792/451 450/1793/451
f 476/1794/452 477/1795/452 482/1796/452 481/1797/452
f 477/1798/453 478/1799/453 483/1800/453 482/1801/453
f 478/1802/454 479/1803/454 484/1804/454 483/1805/454
f 479/1806/455 480/1807/455 485/1808/455 484/1809/455
f 485/1810/456 480/1811/456 449/1812/456
f 481/1813/457 486/1814/457 450/1815/457
f 481/1816/458 482/1817/458 487/1818/458 486/1819/458
f 482/1820/459 483/1821/459 488/1822/459 487/1823/459
f 483/1824/460 484/1825/460 489/1826/460 488/1827/460
f 484/1828/461 485/1829/461 490/1830/461 489/1831/461
f 490/1832/462 485/1833/462 449/1834/462
f 486/1835/463 491/1836/463 450/1837/463
f 486/1838/464 487/1839/464 492/1840/464 491/1841/464
f 487/1842/465 488/1843/465 493/1844/465 492/1845/465
f 488/1846/466 489/1847/466 494/1848/466 493/1849/466
f 489/1850/467 490/1851/467 495/1852/467 494/1853/467
f 495/1854/468 490/1855/468 449/1856/468
f 491/1857/469 496/1858/469 450/1859/469
f 491/1860/470 492/1861/470 497/1862/470 496/1863/470
f 492/1864/471 493/1865/471 498/1866/471 497/1867/471
f 493/1868/472 494/1869/472 499/1870/472 498/1871/472
f 494/1872/473 495/1873/473 500/1874/473 499/1875/473
f 500/1876/474 495/1877/474 449/1878/474
f 496/1879/475 501/1880/475 450/1881/475
f 496/1882/476 497/1883/476 502/1884/476 501/1885/476
f 497/1886/477 498/1887/477 503/1888/477 502/1889/477
f 498/1890/478 499/1891/478 504/1892/478 503/1893/478
f 499/1894/479 500/1895/479 505/1896/479 504/1897/479
f 505/1898/480 500/1899/480 449/1900/480
f 501/1901/481 506/1902/481 450/1903/481
f 501/1904/482 502/1905/482 507/1906/482 506/1907/482
f 502/1908/483 503/1909/483 508/1910/483 507/1911/483
f 503/1912/484 504/1913/484 509/1914/484 508/1915/484
f 504/1916/485 505/1917/485 510/1918/485 509/1919/485
f 510/1920/486 505/1921/486 449/1922/486
f 506/1923/487 451/1924/487 450/1925/487
f 506/1926/488 507/1927/488 452/1928/488 451/1929/488
f 507/1930/489 508/1931/489 453/1932/489 452/1933/489
f 508/1934/490 509/1935/490 454/1936/490 453/1937/490
f 509/1938/491 510/1939/491 455/1940/491 454/1941/491
f 455/1942/492 510/1943/492 449/1944/492
o cylinder
v -1.0408340855860843e-17 1.5 0.8125
v -1.0408340855860843e-17 1.5 0.4375
v 0.08373412263472582 1.8125 0.8125
v 0.08373412263472582 1.8125 0.4375000000000001
v 0.2287658773652741 1.7287658773652743 0.8125
v 0.2287658773652741 1.7287658773652743 0.4375
v 0.3125 1.583734122634726 0.8125
v 0.3125 1.583734122634726 0.4375
v 0.3125 1.416265877365274 0.8125
v 0.3125 1.416265877365274 0.4375
v 0.22876587736527418 1.271234122634726 0.8125
v 0.22876587736527418 1.271234122634726 0.4375
v 0.08373412263472592 1.1875 0.8125
v 0.08373412263472592 1.1875 0.4374999999999999
v -0.08373412263472571 1.1875 0.8125
v -0.08373412263472571 1.1875 0.4374999999999999
v -0.22876587736527415 1.2712341226347257 0.8125
v -0.22876587736527415 1.271234122634726 0.4375
v -0.3125 1.4162658773652743 0.8125
v -0.3125 1.4162658773652743 0.4375
v -0.3125 1.5837341226347257 0.8125
v -0.3125 1.5837341226347257 0.4375
v -0.22876587736527423 1.728765877365274 0.8125
v -0.22876587736527423 1.7287658773652743 0.4375
v -0.08373412263472582 1.8125 0.8125
v -0.08373412263472582 1.8125 0.4375000000000001
vt 0.27078359375 0.75515859375
vt 0.25265390625 0.765625
vt 0.2421875 0.7265625
vt 0.30343515625 0.4140625
vt 0.32436796875 0.4140625
vt 0.32436796875 0.4609375
vt 0.30343515625 0.4609375
vt 0.33859140625 0.7109375
vt 0.35672109375 0.72140390625
vt 0.328125 0.75
vt 0.28125 0.73702890625
vt 0.27078359375 0.75515859375
vt 0.2421875 0.7265625
vt 0.51156953125 0.46875
vt 0.53250234375 0.46875
vt 0.53250234375 0.515625
vt 0.51156953125 0.515625
vt 0.35672109375 0.72140390625
vt 0.3671875 0.73953359375
vt 0.328125 0.75
vt 0.28125 0.71609609375
vt 0.28125 0.73702890625
vt 0.2421875 0.7265625
vt 0.53250234375 0.46875
vt 0.55343515625 0.46875
vt 0.55343515625 0.515625
vt 0.53250234375 0.515625
vt 0.3671875 0.73953359375
vt 0.3671875 0.76046640625
vt 0.328125 0.75
vt 0.27078359375 0.69796640625
vt 0.28125 0.71609609375
vt 0.2421875 0.7265625
vt 0.55343515625 0.46875
vt 0.57436796875 0.46875
vt 0.57436796875 0.515625
vt 0.55343515625 0.515625
vt 0.3671875 0.76046640625
vt 0.35672109375 0.77859609375
vt 0.328125 0.75
vt 0.25265390625 0.6875
vt 0.27078359375 0.69796640625
vt 0.2421875 0.7265625
vt 0.10531953125 0.421875
vt 0.12625234375 0.421875
vt 0.12625234375 0.46875
vt 0.10531953125 0.46875
vt 0.35672109375 0.77859609375
vt 0.33859140625 0.7890625
vt 0.328125 0.75
vt 0.23172109375 0.6875
vt 0.25265390625 0.6875
vt 0.2421875 0.7265625
vt 0.12625234375 0.421875
vt 0.14718515625 0.421875
vt 0.14718515625 0.46875
vt 0.12625234375 0.46875
vt 0.33859140625 0.7890625
vt 0.31765859375 0.7890625
vt 0.328125 0.75
vt 0.21359140625 0.69796640625
vt 0.23172109375 0.6875
vt 0.2421875 0.7265625
vt 0.14718515625 0.421875
vt 0.16811796875 0.421875
vt 0.16811796875 0.46875
vt 0.14718515625 0.46875
vt 0.31765859375 0.7890625
vt 0.29952890625 0.77859609375
vt 0.328125 0.75
vt 0.203125 0.71609609375
vt 0.21359140625 0.69796640625
vt 0.2421875 0.7265625
vt 0.18344453125 0.421875
vt 0.20437734375 0.421875
vt 0.20437734375 0.46875
vt 0.18344453125 0.46875
vt 0.29952890625 0.77859609375
vt 0.2890625 0.76046640625
vt 0.328125 0.75
vt 0.203125 0.73702890625
vt 0.203125 0.71609609375
vt 0.2421875 0.7265625
vt 0.20437734375 0.421875
vt 0.22531015625 0.421875
vt 0.22531015625 0.46875
vt 0.20437734375 0.46875
vt 0.2890625 0.76046640625
vt 0.2890625 0.73953359375
vt 0.328125 0.75
vt 0.21359140625 0.75515859375
vt 0.203125 0.73702890625
vt 0.2421875 0.7265625
vt 0.22531015625 0.421875
vt 0.24624296875 0.421875
vt 0.24624296875 0.46875
vt 0.22531015625 0.46875
vt 0.2890625 0.73953359375
vt 0.29952890625 0.72140390625
vt 0.328125 0.75
vt 0.23172109375 0.765625
vt 0.21359140625 0.75515859375
vt 0.2421875 0.7265625
vt 0.26156953125 0.4140625
vt 0.28250234375 0.4140625
vt 0.28250234375 0.4609375
vt 0.26156953125 0.4609375
vt 0.29952890625 0.72140390625
vt 0.31765859375 0.7109375
vt 0.328125 0.75
vt 0.25265390625 0.765625
vt 0.23172109375 0.765625
vt 0.2421875 0.7265625
vt 0.28250234375 0.4140625
vt 0.30343515625 0.4140625
vt 0.30343515625 0.4609375
vt 0.28250234375 0.4609375
vt 0.31765859375 0.7109375
vt 0.33859140625 0.7109375
vt 0.328125 0.75
vn 0 -2.220446049250313e-16 1
vn 0.5000000000000001 0.8660254037844387 1.3705081882990469e-16
vn 0 2.220446049250313e-16 -1
vn 0 -2.220446049250313e-16 1
vn 0.8660254037844387 0.5000000000000002 5.577685265406402e-17
vn 0 2.220446049250313e-16 -1
vn 0 -2.220446049250313e-16 1
vn 1 0 0
vn 0 2.220446049250313e-16 -1
vn 0 -2.220446049250313e-16 1
vn 0.8660254037844387 -0.5000000000000001 -1.1102230246251568e-16
vn 0 2.220446049250313e-16 -1
vn 0 -2.220446049250313e-16 1
vn 0.5000000000000002 -0.8660254037844386 -1.9229626863835638e-16
vn 0 2.220446049250313e-16 -1
vn 0 -2.220446049250313e-16 1
vn 0 -1 -2.220446049250313e-16
vn 0 2.220446049250313e-16 -1
vn 0 -2.220446049250313e-16 1
vn -0.49999999999999933 -0.8660254037844393 -1.3705081882990483e-16
vn 0 2.220446049250313e-16 -1
vn 0 -2.220446049250313e-16 1
vn -0.8660254037844389 -0.49999999999999967 -5.577685265406393e-17
vn 0 2.220446049250313e-16 -1
vn 0 -2.220446049250313e-16 1
vn -1 0 0
vn 0 2.220446049250313e-16 -1
vn 0 -2.220446049250313e-16 1
vn -0.866025403784439 0.49999999999999933 1.110223024625155e-16
vn 0 2.220446049250313e-16 -1
vn 0 -2.220446049250313e-16 1
vn -0.5 0.8660254037844387 1.922962686383564e-16
vn 0 2.220446049250313e-16 -1
vn 0 -2.220446049250313e-16 1
vn 0 1 2.220446049250313e-16
vn 0 2.220446049250313e-16 -1
usemtl m_11845850-9d74-0af3-9624-28c2ed61c2c1
f 515/1945/493 513/1946/493 511/1947/493
f 513/1948/494 515/1949/494 516/1950/494 514/1951/494
f 514/1952/495 516/1953/495 512/1954/495
f 517/1955/496 515/1956/496 511/1957/496
f 515/1958/497 517/1959/497 518/1960/497 516/1961/497
f 516/1962/498 518/1963/498 512/1964/498
f 519/1965/499 517/1966/499 511/1967/499
f 517/1968/500 519/1969/500 520/1970/500 518/1971/500
f 518/1972/501 520/1973/501 512/1974/501
f 521/1975/502 519/1976/502 511/1977/502
f 519/1978/503 521/1979/503 522/1980/503 520/1981/503
f 520/1982/504 522/1983/504 512/1984/504
f 523/1985/505 521/1986/505 511/1987/505
f 521/1988/506 523/1989/506 524/1990/506 522/1991/506
f 522/1992/507 524/1993/507 512/1994/507
f 525/1995/508 523/1996/508 511/1997/508
f 523/1998/509 525/1999/509 526/2000/509 524/2001/509
f 524/2002/510 526/2003/510 512/2004/510
f 527/2005/511 525/2006/511 511/2007/511
f 525/2008/512 527/2009/512 528/2010/512 526/2011/512
f 526/2012/513 528/2013/513 512/2014/513
f 529/2015/514 527/2016/514 511/2017/514
f 527/2018/515 529/2019/515 530/2020/515 528/2021/515
f 528/2022/516 530/2023/516 512/2024/516
f 531/2025/517 529/2026/517 511/2027/517
f 529/2028/518 531/2029/518 532/2030/518 530/2031/518
f 530/2032/519 532/2033/519 512/2034/519
f 533/2035/520 531/2036/520 511/2037/520
f 531/2038/521 533/2039/521 534/2040/521 532/2041/521
f 532/2042/522 534/2043/522 512/2044/522
f 535/2045/523 533/2046/523 511/2047/523
f 533/2048/524 535/2049/524 536/2050/524 534/2051/524
f 534/2052/525 536/2053/525 512/2054/525
f 513/2055/526 535/2056/526 511/2057/526
f 535/2058/527 513/2059/527 514/2060/527 536/2061/527
f 536/2062/528 514/2063/528 512/2064/528
o body
v 0.03349364905389031 1.0883883476483185 0.2026650429449553
v 0.03349364905389031 1.0883883476483185 0.2026650429449553
v 0.026301764797034766 1.1073674312626067 0.18368595933066692
v 0.026301764797034766 1.1073674312626067 0.18368595933066692
v 0.09150635094610962 1.1120719340210066 0.17898145657226705
v 0.09150635094610962 1.1120719340210066 0.17898145657226705
v 0.07185775775422554 1.1259655875077637 0.16508780308551002
v 0.07185775775422554 1.1259655875077637 0.16508780308551002
v 0.12499999999999997 1.1530931089239487 0.1379602816693251
v 0.12499999999999997 1.1530931089239487 0.1379602816693251
v 0.09815952255126034 1.15817853905148 0.1328748515417938
v 0.09815952255126034 1.15817853905148 0.1328748515417938
v 0.12499999999999997 1.200460281669325 0.09059310892394862
v 0.12499999999999997 1.200460281669325 0.09059310892394862
v 0.09815952255126034 1.195374851541794 0.09567853905147994
v 0.09815952255126034 1.195374851541794 0.09567853905147994
v 0.09150635094610964 1.2414814565722672 0.049571934021006694
v 0.09150635094610964 1.2414814565722672 0.049571934021006694
v 0.07185775775422557 1.22758780308551 0.06346558750776377
v 0.07185775775422557 1.22758780308551 0.06346558750776377
v 0.03349364905389035 1.2651650429449552 0.02588834764831846
v 0.03349364905389035 1.2651650429449552 0.02588834764831846
v 0.026301764797034794 1.246185959330667 0.04486743126260685
v 0.026301764797034794 1.246185959330667 0.04486743126260685
v -0.0334936490538903 1.2651650429449552 0.025888347648318447
v -0.0334936490538903 1.2651650429449552 0.025888347648318447
v -0.026301764797034766 1.246185959330667 0.044867431262606824
v -0.026301764797034766 1.246185959330667 0.044867431262606824
v -0.09150635094610968 1.2414814565722672 0.04957193402100668
v -0.09150635094610968 1.2414814565722672 0.04957193402100668
v -0.07185775775422559 1.22758780308551 0.06346558750776374
v -0.07185775775422559 1.22758780308551 0.06346558750776374
v -0.12499999999999999 1.200460281669325 0.09059310892394865
v -0.12499999999999999 1.200460281669325 0.09059310892394865
v -0.0981595225512604 1.1953748515417937 0.09567853905147997
v -0.0981595225512604 1.1953748515417937 0.09567853905147997
v -0.12500000000000003 1.1530931089239487 0.13796028166932509
v -0.12500000000000003 1.1530931089239487 0.13796028166932509
v -0.0981595225512604 1.15817853905148 0.13287485154179376
v -0.0981595225512604 1.15817853905148 0.13287485154179376
v -0.09150635094610969 1.1120719340210068 0.17898145657226705
v -0.09150635094610969 1.1120719340210068 0.17898145657226705
v -0.07185775775422562 1.1259655875077637 0.16508780308551
v -0.07185775775422562 1.1259655875077637 0.16508780308551
v -0.03349364905389034 1.0883883476483185 0.2026650429449553
v -0.03349364905389034 1.0883883476483185 0.2026650429449553
v -0.026301764797034805 1.1073674312626067 0.18368595933066692
v -0.026301764797034805 1.1073674312626067 0.18368595933066692
v 0.026301764797034794 1.025215090209871 -0.17610343785818927
v -0.026301764797034766 1.025215090209871 -0.1761034378581893
v -0.0334936490538903 1.0441941738241594 -0.1950825214724777
v 0.03349364905389035 1.0441941738241591 -0.19508252147247768
v 0.07185775775422557 1.006616933964714 -0.1575052816130324
v 0.09150635094610964 1.020510587451471 -0.17139893509978943
v 0.09815952255126034 0.9744039824209978 -0.1252923300693162
v 0.12499999999999997 0.9794894125485291 -0.13037776019684752
v 0.09815952255126034 0.9372076699306839 -0.08809601757900234
v 0.12499999999999997 0.9321222398031526 -0.08301058745147102
v 0.09150635094610962 1.4656253246142805 0.5325348471655409
v 0.12499999999999997 1.5066464995172222 0.491513672262599
v 0.09815952255126034 1.5117319296447538 0.48642824213506763
v 0.07185775775422554 1.4795189781010374 0.5186411936787839
v 0.026301764797034766 0.8863965621418107 -0.03728490979012921
v 0.07185775775422554 0.9049947183869677 -0.05588306603528613
v 0.09150635094610962 0.8911010649002106 -0.04198941254852905
v 0.03349364905389031 0.8674174785275224 -0.018305826175840804
v -0.026301764797034805 0.8863965621418107 -0.03728490979012921
v -0.03349364905389034 0.8674174785275224 -0.018305826175840804
v -0.09150635094610969 1.4656253246142805 0.5325348471655409
v -0.03349364905389034 1.4419417382415922 0.5562184335382292
v -0.026301764797034805 1.4609208218558805 0.5372393499239407
v -0.07185775775422562 1.4795189781010374 0.5186411936787838
v -0.0981595225512604 0.9372076699306839 -0.08809601757900237
v -0.07185775775422562 0.9049947183869678 -0.05588306603528615
v -0.09150635094610969 0.8911010649002106 -0.04198941254852905
v -0.12500000000000003 0.9321222398031526 -0.08301058745147105
v -0.0981595225512604 0.9744039824209978 -0.12529233006931617
v -0.12499999999999999 0.9794894125485291 -0.1303777601968475
v -0.07185775775422559 1.006616933964714 -0.1575052816130324
v -0.09150635094610968 1.020510587451471 -0.17139893509978946
v 0.03349364905389031 1.4419417382415922 0.5562184335382292
v 0.09150635094610962 1.4656253246142805 0.5325348471655409
v 0.07185775775422554 1.4795189781010374 0.5186411936787839
v 0.026301764797034766 1.4609208218558805 0.5372393499239407
v -0.03349364905389034 1.4419417382415922 0.5562184335382292
v -0.026301764797034805 1.4609208218558805 0.5372393499239407
v 0.12499999999999997 1.5066464995172222 0.491513672262599
v 0.12499999999999997 1.5540136722625988 0.4441464995172225
v 0.09815952255126034 1.5489282421350676 0.4492319296447538
v 0.09815952255126034 1.5117319296447538 0.48642824213506763
v 0.09150635094610964 1.595034847165541 0.4031253246142805
v 0.07185775775422557 1.5811411936787838 0.4170189781010376
v 0.03349364905389035 1.618718433538229 0.3794417382415923
v -0.0334936490538903 1.6187184335382292 0.3794417382415923
v -0.026301764797034766 1.5997393499239405 0.3984208218558807
v 0.026301764797034794 1.5997393499239405 0.3984208218558807
v -0.09150635094610968 1.595034847165541 0.4031253246142805
v -0.07185775775422559 1.5811411936787838 0.4170189781010376
v -0.12499999999999999 1.5540136722625988 0.4441464995172225
v -0.0981595225512604 1.5489282421350676 0.4492319296447538
v -0.12500000000000003 1.5066464995172224 0.4915136722625989
v -0.0981595225512604 1.5117319296447538 0.48642824213506763
v -0.09150635094610969 1.4656253246142805 0.5325348471655409
v -0.07185775775422562 1.4795189781010374 0.5186411936787838
v -0.07185775775422562 0.9049947183869678 -0.05588306603528615
v -0.026301764797034805 0.8863965621418107 -0.03728490979012921
v -0.03349364905389034 0.8674174785275224 -0.018305826175840804
v -0.09150635094610969 0.8911010649002106 -0.04198941254852905
v 0.07185775775422554 0.9049947183869677 -0.05588306603528613
v 0.09815952255126034 0.9372076699306839 -0.08809601757900234
v 0.12499999999999997 0.9321222398031526 -0.08301058745147102
v 0.09150635094610962 0.8911010649002106 -0.04198941254852905
vt 0 1
vt 0.0078125 1
vt 0.0078125 1
vt 0 1
vt 0 1
vt 0.0078125 1
vt 0.0078125 1
vt 0 1
vt 0.49184921875 0.69078828125
vt 0.49754375 0.6875
vt 0.5 0.68995625
vt 0.4927484375 0.69414296875
vt 0.4536859375 0.40741953124999997
vt 0.4609375 0.41160624999999995
vt 0.45848125 0.4140625
vt 0.45278671875 0.41077421875
vt 0 1
vt 0.0078125 1
vt 0.0078125 1
vt 0 1
vt 0 1
vt 0.0078125 1
vt 0.0078125 1
vt 0 1
vt 0.5 0.3434120863516501
vt 0.5 0.3368363369847469
vt 0.5078125 0.3359375
vt 0.5078125 0.3443108966974713
vt 0.6130008016414181 0.84375
vt 0.6213741983585819 0.84375
vt 0.6204755914557917 0.8515625
vt 0.6138998421043532 0.8515625
vt 0 0.9921875
vt 0 1
vt 0 1
vt 0 0.9921875
vt 0 0.9921875
vt 0 1
vt 0 1
vt 0 0.9921875
vt 0.3989890625 0.3314125
vt 0.3989890625 0.3248375
vt 0.40234375 0.32393828125
vt 0.40234375 0.33231171875
vt 0.03125 0.31612578125
vt 0.03125 0.32449921875
vt 0.027895312499999998 0.3236
vt 0.027895312499999998 0.317025
vt 0 0.9921875
vt 0 1
vt 0 1
vt 0 0.9921875
vt 0 0.9921875
vt 0 1
vt 0 1
vt 0 0.9921875
vt 0.3989890625 0.3248375
vt 0.39570078125 0.31914296875000003
vt 0.39815703125 0.31668671875
vt 0.40234375 0.32393828125
vt 0.03125 0.32449921875
vt 0.02706328125 0.33175078125
vt 0.02460703125 0.32929453124999997
vt 0.027895312499999998 0.3236
vt 0 0.9921875
vt 0 1
vt 0 1
vt 0 0.9921875
vt 0 0.9921875
vt 0 1
vt 0 1
vt 0 0.9921875
vt 0.39570078125 0.31914296875000003
vt 0.39000625 0.3158546875
vt 0.39090546875 0.3125
vt 0.39815703125 0.31668671875
vt 0.02706328125 0.33175078125
vt 0.01981171875 0.3359375
vt 0.0189125 0.3325828125
vt 0.02460703125 0.32929453124999997
vt 0.0078125 1
vt 0 1
vt 0 1
vt 0.0078125 1
vt 0.0078125 1
vt 0 1
vt 0 1
vt 0.0078125 1
vt 0.39000625 0.3158546875
vt 0.38343125 0.3158546875
vt 0.38253203125 0.3125
vt 0.39090546875 0.3125
vt 0.01981171875 0.3359375
vt 0.01143828125 0.3359375
vt 0.0123375 0.3325828125
vt 0.0189125 0.3325828125
vt 0.0078125 1
vt 0 1
vt 0 1
vt 0.0078125 1
vt 0.0078125 1
vt 0 1
vt 0 1
vt 0.0078125 1
vt 0.38343125 0.3158546875
vt 0.37773671875 0.31914296875000003
vt 0.37528046875 0.31668671875
vt 0.38253203125 0.3125
vt 0.01143828125 0.3359375
vt 0.00418671875 0.33175078125
vt 0.0066429687500000004 0.32929453124999997
vt 0.0123375 0.3325828125
vt 0.0078125 1
vt 0 1
vt 0 1
vt 0.0078125 1
vt 0.0078125 1
vt 0 1
vt 0 1
vt 0.0078125 1
vt 0.37773671875 0.31914296875000003
vt 0.3744484375 0.3248375
vt 0.37109375 0.32393828125
vt 0.37528046875 0.31668671875
vt 0.00418671875 0.33175078125
vt 0 0.32449921875
vt 0.0033546875 0.3236
vt 0.0066429687500000004 0.32929453124999997
vt 0 1
vt 0 0.9921875
vt 0 0.9921875
vt 0 1
vt 0 1
vt 0 0.9921875
vt 0 0.9921875
vt 0 1
vt 0.3744484375 0.3248375
vt 0.3744484375 0.3314125
vt 0.37109375 0.33231171875
vt 0.37109375 0.32393828125
vt 0 0.32449921875
vt 0 0.31612578125
vt 0.0033546875 0.317025
vt 0.0033546875 0.3236
vt 0 1
vt 0 0.9921875
vt 0 0.9921875
vt 0 1
vt 0 1
vt 0 0.9921875
vt 0 0.9921875
vt 0 1
vt 0.3744484375 0.3314125
vt 0.37773671875 0.33710703124999997
vt 0.37528046875 0.33956328125
vt 0.37109375 0.33231171875
vt 0 0.31612578125
vt 0.00418671875 0.30887421875
vt 0.0066429687500000004 0.31133046875000003
vt 0.0033546875 0.317025
vt 0 1
vt 0 0.9921875
vt 0 0.9921875
vt 0 1
vt 0 1
vt 0 0.9921875
vt 0 0.9921875
vt 0 1
vt 0.6138996119970855 0.46875
vt 0.6204753613639888 0.46875
vt 0.6213741983487356 0.4765625
vt 0.6130008016512644 0.4765625
vt 0.2734375 0.359375
vt 0.2734375 0.35100160328283625
vt 0.28125 0.35190021018562645
vt 0.28125 0.358475959537065
vt 0 1
vt 0.0078125 1
vt 0.0078125 1
vt 0 1
vt 0 1
vt 0.0078125 1
vt 0.0078125 1
vt 0 1
vt 0.48527421875 0.69078828125
vt 0.49184921875 0.69078828125
vt 0.4927484375 0.69414296875
vt 0.484375 0.69414296875
vt 0.4453125 0.40741953124999997
vt 0.4536859375 0.40741953124999997
vt 0.45278671875 0.41077421875
vt 0.44621171875 0.41077421875
vt 0.68030625 0.484375
vt 0.68688125 0.484375
vt 0.68688125 0.5234375
vt 0.68030625 0.5234375
vt 0.66768828125 0.859375
vt 0.67606171875 0.859375
vt 0.67606171875 0.8984375
vt 0.66768828125 0.8984375
vt 0.68688125 0.484375
vt 0.69345625 0.484375
vt 0.69345625 0.5234375
vt 0.68688125 0.5234375
vt 0.65931484375 0.859375
vt 0.66768828125 0.859375
vt 0.66768828125 0.8984375
vt 0.65931484375 0.8984375
vt 0.69655 0.734375
vt 0.703125 0.734375
vt 0.703125 0.7734375
vt 0.69655 0.7734375
vt 0.64453125 0.2890625
vt 0.6529046875 0.2890625
vt 0.6529046875 0.328125
vt 0.64453125 0.328125
vt 0.703125 0.734375
vt 0.7097 0.734375
vt 0.7097 0.7734375
vt 0.703125 0.7734375
vt 0.6361578125 0.2890625
vt 0.64453125 0.2890625
vt 0.64453125 0.328125
vt 0.6361578125 0.328125
vt 0.734375 0.40625
vt 0.7421875 0.40625
vt 0.7421875 0.4453125
vt 0.734375 0.4453125
vt 0.6171875 0.296875
vt 0.609375 0.296875
vt 0.609375 0.234375
vt 0.6171875 0.234375
vt 0.359375 0.296875
vt 0.3515625 0.296875
vt 0.3515625 0.234375
vt 0.359375 0.234375
vt 0.703125 0.296875
vt 0.6953125 0.296875
vt 0.6953125 0.234375
vt 0.703125 0.234375
vt 0.1171875 0.2890625
vt 0.109375 0.2890625
vt 0.109375 0.2265625
vt 0.1171875 0.2265625
vt 0.368425 0.265625
vt 0.375 0.265625
vt 0.375 0.3046875
vt 0.368425 0.3046875
vt 0.7421875 0.21875
vt 0.75 0.21875
vt 0.75 0.2578125
vt 0.7421875 0.2578125
vt 0.58984375 0.28125
vt 0.5982171875 0.28125
vt 0.5982171875 0.3203125
vt 0.58984375 0.3203125
vt 0.375 0.265625
vt 0.381575 0.265625
vt 0.381575 0.3046875
vt 0.375 0.3046875
vt 0.5814703125 0.28125
vt 0.58984375 0.28125
vt 0.58984375 0.3203125
vt 0.5814703125 0.3203125
vt 0.421875 0.2265625
vt 0.4296875 0.2265625
vt 0.4296875 0.265625
vt 0.421875 0.265625
vt 0.5234375 0.2890625
vt 0.515625 0.2890625
vt 0.515625 0.2265625
vt 0.5234375 0.2265625
vt 0.328125 0.296875
vt 0.3203125 0.296875
vt 0.3203125 0.234375
vt 0.328125 0.234375
vt 0.5078125 0.2890625
vt 0.5 0.2890625
vt 0.5 0.2265625
vt 0.5078125 0.2265625
vt 0.1328125 0.2890625
vt 0.125 0.2890625
vt 0.125 0.2265625
vt 0.1328125 0.2265625
vt 0.67373125 0.9140625
vt 0.68030625 0.9140625
vt 0.68030625 0.953125
vt 0.67373125 0.953125
vt 0.7421875 0.265625
vt 0.75 0.265625
vt 0.75 0.3046875
vt 0.7421875 0.3046875
vt 0.66824921875 0.53125
vt 0.67662265625 0.53125
vt 0.67662265625 0.5703125
vt 0.66824921875 0.5703125
vt 0.68030625 0.9140625
vt 0.68688125 0.9140625
vt 0.68688125 0.953125
vt 0.68030625 0.953125
vt 0.65987578125 0.53125
vt 0.66824921875 0.53125
vt 0.66824921875 0.5703125
vt 0.65987578125 0.5703125
vt 0.68688125 0.9140625
vt 0.69345625 0.9140625
vt 0.69345625 0.953125
vt 0.68688125 0.953125
vt 0.65150234375 0.53125
vt 0.65987578125 0.53125
vt 0.65987578125 0.5703125
vt 0.65150234375 0.5703125
vt 0.67373125 0.484375
vt 0.68030625 0.484375
vt 0.68030625 0.5234375
vt 0.67373125 0.5234375
vt 0.67606171875 0.859375
vt 0.68443515625 0.859375
vt 0.68443515625 0.8984375
vt 0.67606171875 0.8984375
vt 0.1607171875 0.34375
vt 0.15234375 0.34375
vt 0.15234375 0.28125
vt 0.1607171875 0.28125
vt 0.0859375 0.2890625
vt 0.078125 0.2890625
vt 0.078125 0.2265625
vt 0.0859375 0.2265625
vt 0.3046875 0.3359375
vt 0.2981125 0.3359375
vt 0.2981125 0.2734375
vt 0.3046875 0.2734375
vt 0.15234375 0.34375
vt 0.1439703125 0.34375
vt 0.1439703125 0.28125
vt 0.15234375 0.28125
vt 0.3112625 0.3359375
vt 0.3046875 0.3359375
vt 0.3046875 0.2734375
vt 0.3112625 0.2734375
vt 0.34375 0.296875
vt 0.3359375 0.296875
vt 0.3359375 0.234375
vt 0.34375 0.234375
vt 0.48046875 0.3515625
vt 0.4720953125 0.3515625
vt 0.4720953125 0.2890625
vt 0.48046875 0.2890625
vt 0.287825 0.3359375
vt 0.28125 0.3359375
vt 0.28125 0.2734375
vt 0.287825 0.2734375
vt 0.7109375 0.5390625
vt 0.703125 0.5390625
vt 0.703125 0.4765625
vt 0.7109375 0.4765625
vt 0.4888421875 0.3515625
vt 0.48046875 0.3515625
vt 0.48046875 0.2890625
vt 0.4888421875 0.2890625
vt 0.28125 0.3359375
vt 0.274675 0.3359375
vt 0.274675 0.2734375
vt 0.28125 0.2734375
vt 0.61356171875 0.4375
vt 0.60518828125 0.4375
vt 0.60518828125 0.375
vt 0.61356171875 0.375
vt 0.12438125 0.359375
vt 0.11780625 0.359375
vt 0.11780625 0.296875
vt 0.12438125 0.296875
vt 0.60518828125 0.4375
vt 0.59681484375 0.4375
vt 0.59681484375 0.375
vt 0.60518828125 0.375
vt 0.13095625 0.359375
vt 0.12438125 0.359375
vt 0.12438125 0.296875
vt 0.13095625 0.296875
vt 0.62193515625 0.4375
vt 0.61356171875 0.4375
vt 0.61356171875 0.375
vt 0.62193515625 0.375
vt 0.11780625 0.359375
vt 0.11123125 0.359375
vt 0.11123125 0.296875
vt 0.11780625 0.296875
vt 0.30050078125 0.40625
vt 0.29212734375 0.40625
vt 0.29212734375 0.34375
vt 0.30050078125 0.34375
vt 0.09970625 0.359375
vt 0.09313125 0.359375
vt 0.09313125 0.296875
vt 0.09970625 0.296875
vt 0.30887421875 0.40625
vt 0.30050078125 0.40625
vt 0.30050078125 0.34375
vt 0.30887421875 0.34375
vt 0.09313125 0.359375
vt 0.08655625 0.359375
vt 0.08655625 0.296875
vt 0.09313125 0.296875
vt 0.31724765625 0.40625
vt 0.30887421875 0.40625
vt 0.30887421875 0.34375
vt 0.31724765625 0.34375
vt 0.1015625 0.2890625
vt 0.09375 0.2890625
vt 0.09375 0.2265625
vt 0.1015625 0.2265625
vt 0.08655625 0.359375
vt 0.07998125 0.359375
vt 0.07998125 0.296875
vt 0.08655625 0.296875
vt 0.046875 0.2109375
vt 0.0546875 0.2109375
vt 0.0546875 0.25
vt 0.046875 0.25
vt 0.734375 0.5234375
vt 0.7421875 0.5234375
vt 0.7421875 0.5625
vt 0.734375 0.5625
vt 0.03125 0.2109375
vt 0.0390625 0.2109375
vt 0.0390625 0.25
vt 0.03125 0.25
vt 0.4375 0.21875
vt 0.4453125 0.21875
vt 0.4453125 0.2578125
vt 0.4375 0.2578125
vt 0.3671875 0.21875
vt 0.375 0.21875
vt 0.375 0.2578125
vt 0.3671875 0.2578125
vt 0.734375 0.359375
vt 0.7421875 0.359375
vt 0.7421875 0.3984375
vt 0.734375 0.3984375
vt 0.734375 0.3125
vt 0.7421875 0.3125
vt 0.7421875 0.3515625
vt 0.734375 0.3515625
vt 0.015625 0.2109375
vt 0.0234375 0.2109375
vt 0.0234375 0.25
vt 0.015625 0.25
vn 0 0 0
vn 0 0 0
vn 0 -0.7071067811865475 -0.7071067811865476
vn 0 0.7071067811865475 0.7071067811865476
vn 0 0 0
vn 0 0 0
vn 0 -0.7071067811865475 -0.7071067811865476
vn 0 0.7071067811865475 0.7071067811865476
vn 0 0 0
vn 0 0 0
vn 0 -0.7071067811865475 -0.7071067811865476
vn 0 0.7071067811865475 0.7071067811865476
vn 0 0 0
vn 0 0 0
vn 0 -0.7071067811865475 -0.7071067811865476
vn 0 0.7071067811865475 0.7071067811865476
vn 0 0 0
vn 0 0 0
vn 0 -0.7071067811865475 -0.7071067811865476
vn 0 0.7071067811865475 0.7071067811865476
vn 0 0 0
vn 0 0 0
vn 0 -0.7071067811865475 -0.7071067811865476
vn 0 0.7071067811865475 0.7071067811865476
vn 0 0 0
vn 0 0 0
vn 0 -0.7071067811865475 -0.7071067811865476
vn 0 0.7071067811865475 0.7071067811865476
vn 0 0 0
vn 0 0 0
vn 0 -0.7071067811865475 -0.7071067811865476
vn 0 0.7071067811865475 0.7071067811865476
vn 0 0 0
vn 0 0 0
vn 0 -0.7071067811865475 -0.7071067811865476
vn 0 0.7071067811865475 0.7071067811865476
vn 0 0 0
vn 0 0 0
vn 0 -0.7071067811865475 -0.7071067811865476
vn 0 0.7071067811865475 0.7071067811865476
vn 0 0 0
vn 0 0 0
vn 0 -0.7071067811865475 -0.7071067811865476
vn 0 0.7071067811865475 0.7071067811865476
vn 0 0 0
vn 0 0 0
vn 0 -0.7071067811865475 -0.7071067811865476
vn 0 0.7071067811865475 0.7071067811865476
vn -7.914557016367405e-16 -0.7071067811865476 0.7071067811865475
vn 4.143408735633879e-16 0.7071067811865477 -0.7071067811865474
vn -0.49999999999999944 -0.6123724356957949 0.6123724356957947
vn 0.5000000000000002 0.6123724356957945 -0.6123724356957944
vn -0.8660254037844388 -0.3535533905932738 0.3535533905932736
vn 0.8660254037844387 0.353553390593274 -0.35355339059327395
vn -1 0 0
vn 1 0 0
vn -0.2588190451025206 -0.6830127018922195 0.6830127018922192
vn 0.8660254037844385 -0.3535533905932741 0.35355339059327406
vn 0.2588190451025207 0.6830127018922195 -0.6830127018922192
vn -0.8660254037844387 0.35355339059327384 -0.3535533905932737
vn -0.7071067811865466 -0.5000000000000008 0.5000000000000007
vn -0.5 0.6123724356957947 -0.6123724356957944
vn 0.7071067811865478 0.4999999999999999 -0.4999999999999997
vn 0.5000000000000001 -0.6123724356957946 0.6123724356957945
vn 0 0.7071067811865477 -0.7071067811865474
vn 0 -0.7071067811865476 0.7071067811865475
vn -0.9659258262890684 0.18301270189221897 -0.18301270189221894
vn -0.5000000000000001 -0.6123724356957946 0.6123724356957945
vn 0.9659258262890684 -0.18301270189221905 0.18301270189221902
vn 0.4999999999999994 0.6123724356957949 -0.6123724356957949
vn -0.7071067811865468 0.5000000000000006 -0.5000000000000004
vn 0.8660254037844392 0.3535533905932735 -0.35355339059327334
vn 0.7071067811865486 -0.49999999999999944 0.4999999999999993
vn -0.866025403784439 -0.3535533905932734 0.35355339059327334
vn 1 0 0
vn -1 4.394748621291447e-16 -4.3947486212914444e-16
vn 0.8660254037844389 -0.35355339059327373 0.35355339059327356
vn -0.8660254037844392 0.35355339059327356 -0.3535533905932734
vn 0.4999999999999993 -0.6123724356957949 0.6123724356957948
vn -0.49999999999999967 0.6123724356957947 -0.6123724356957946
vn 0.5000000000000001 -0.6123724356957946 0.6123724356957945
vn 0.7071067811865466 0.5000000000000008 -0.5000000000000007
vn -0.4999999999999992 0.6123724356957949 -0.6123724356957947
vn 0 -0.7071067811865476 0.7071067811865475
vn 0 0.7071067811865476 -0.7071067811865475
vn -0.9659258262890684 0.18301270189221905 -0.18301270189221902
vn 1 0 0
vn -1 0 0
vn -0.2588190451025207 -0.6830127018922195 0.6830127018922192
vn 0.8660254037844389 0.35355339059327356 -0.3535533905932734
vn -0.8660254037844389 -0.35355339059327373 0.35355339059327356
vn 6.215113103450819e-16 0.7071067811865476 -0.7071067811865475
vn -5.276371344244937e-16 -0.7071067811865476 0.7071067811865475
vn 0.4999999999999998 0.6123724356957947 -0.6123724356957946
vn -0.5000000000000006 -0.6123724356957945 0.6123724356957944
vn -0.49999999999999967 0.6123724356957948 -0.6123724356957947
vn 0.49999999999999994 -0.6123724356957947 0.6123724356957944
vn -0.8660254037844392 0.3535533905932731 -0.35355339059327306
vn 0.8660254037844388 -0.3535533905932737 0.3535533905932735
vn -1 4.3947486212914464e-16 -4.394748621291445e-16
vn 1 0 0
vn -0.8660254037844387 -0.3535533905932739 0.35355339059327373
vn 0.7071067811865468 -0.5000000000000006 0.5000000000000004
vn 0.8660254037844392 0.3535533905932735 -0.35355339059327334
vn 0.5000000000000001 0.6123724356957947 -0.6123724356957944
vn 0.9659258262890684 -0.183012701892219 0.1830127018922189
vn -0.49999999999999983 -0.6123724356957947 0.6123724356957946
vn -0.7071067811865486 0.4999999999999994 -0.49999999999999933
vn -0.8660254037844387 0.35355339059327384 -0.3535533905932737
vn 0.2588190451025206 0.6830127018922195 -0.6830127018922192
vn 0.8660254037844387 -0.35355339059327373 0.35355339059327356
vn -0.7071067811865478 -0.49999999999999983 0.4999999999999998
usemtl m_11845850-9d74-0af3-9624-28c2ed61c2c1
f 537/2065/529 541/2066/529 542/2067/529 538/2068/529
f 540/2069/530 544/2070/530 543/2071/530 539/2072/530
f 599/2073/531 600/2074/531 601/2075/531 602/2076/531
f 617/2077/532 618/2078/532 619/2079/532 620/2080/532
f 541/2081/533 545/2082/533 546/2083/533 542/2084/533
f 544/2085/534 548/2086/534 547/2087/534 543/2088/534
f 645/2089/535 646/2090/535 647/2091/535 648/2092/535
f 595/2093/536 596/2094/536 597/2095/536 598/2096/536
f 545/2097/537 549/2098/537 550/2099/537 546/2100/537
f 548/2101/538 552/2102/538 551/2103/538 547/2104/538
f 593/2105/539 591/2106/539 592/2107/539 594/2108/539
f 623/2109/540 624/2110/540 625/2111/540 626/2112/540
f 549/2113/541 553/2114/541 554/2115/541 550/2116/541
f 552/2117/542 556/2118/542 555/2119/542 551/2120/542
f 591/2121/543 589/2122/543 590/2123/543 592/2124/543
f 624/2125/544 627/2126/544 628/2127/544 625/2128/544
f 553/2129/545 557/2130/545 558/2131/545 554/2132/545
f 556/2133/546 560/2134/546 559/2135/546 555/2136/546
f 589/2137/547 585/2138/547 588/2139/547 590/2140/547
f 627/2141/548 629/2142/548 632/2143/548 628/2144/548
f 557/2145/549 562/2146/549 561/2147/549 558/2148/549
f 560/2149/550 564/2150/550 563/2151/550 559/2152/550
f 585/2153/551 586/2154/551 587/2155/551 588/2156/551
f 629/2157/552 630/2158/552 631/2159/552 632/2160/552
f 561/2161/553 565/2162/553 566/2163/553 562/2164/553
f 564/2165/554 568/2166/554 567/2167/554 563/2168/554
f 586/2169/555 615/2170/555 616/2171/555 587/2172/555
f 630/2173/556 633/2174/556 634/2175/556 631/2176/556
f 565/2177/557 569/2178/557 570/2179/557 566/2180/557
f 568/2181/558 572/2182/558 571/2183/558 567/2184/558
f 615/2185/559 613/2186/559 614/2187/559 616/2188/559
f 633/2189/560 635/2190/560 636/2191/560 634/2192/560
f 569/2193/561 573/2194/561 574/2195/561 570/2196/561
f 572/2197/562 576/2198/562 575/2199/562 571/2200/562
f 613/2201/563 609/2202/563 612/2203/563 614/2204/563
f 635/2205/564 637/2206/564 638/2207/564 636/2208/564
f 573/2209/565 577/2210/565 578/2211/565 574/2212/565
f 576/2213/566 580/2214/566 579/2215/566 575/2216/566
f 609/2217/567 610/2218/567 611/2219/567 612/2220/567
f 637/2221/568 639/2222/568 640/2223/568 638/2224/568
f 577/2225/569 581/2226/569 582/2227/569 578/2228/569
f 580/2229/570 584/2230/570 583/2231/570 579/2232/570
f 641/2233/571 642/2234/571 643/2235/571 644/2236/571
f 605/2237/572 606/2238/572 607/2239/572 608/2240/572
f 581/2241/573 537/2242/573 538/2243/573 582/2244/573
f 584/2245/574 539/2246/574 540/2247/574 583/2248/574
f 603/2249/575 599/2250/575 602/2251/575 604/2252/575
f 621/2253/576 617/2254/576 620/2255/576 622/2256/576
f 586/2257/577 585/2258/577 559/2259/577 563/2260/577
f 588/2261/578 587/2262/578 561/2263/578 557/2264/578
f 585/2265/579 589/2266/579 555/2267/579 559/2268/579
f 590/2269/580 588/2270/580 557/2271/580 553/2272/580
f 589/2273/581 591/2274/581 551/2275/581 555/2276/581
f 592/2277/582 590/2278/582 553/2279/582 549/2280/582
f 591/2281/583 593/2282/583 547/2283/583 551/2284/583
f 594/2285/584 592/2286/584 549/2287/584 545/2288/584
f 593/2289/585 594/2290/585 545/2291/585 547/2292/585
f 596/2293/586 595/2294/586 542/2295/586 546/2296/586
f 597/2297/587 596/2298/587 546/2299/587 548/2300/587
f 598/2301/588 597/2302/588 548/2303/588 544/2304/588
f 595/2305/589 598/2306/589 544/2307/589 542/2308/589
f 600/2309/590 599/2310/590 539/2311/590 543/2312/590
f 601/2313/591 600/2314/591 543/2315/591 541/2316/591
f 602/2317/592 601/2318/592 541/2319/592 537/2320/592
f 599/2321/593 603/2322/593 583/2323/593 539/2324/593
f 604/2325/594 602/2326/594 537/2327/594 581/2328/594
f 603/2329/595 604/2330/595 581/2331/595 583/2332/595
f 606/2333/596 605/2334/596 578/2335/596 582/2336/596
f 607/2337/597 606/2338/597 582/2339/597 584/2340/597
f 608/2341/598 607/2342/598 584/2343/598 580/2344/598
f 605/2345/599 608/2346/599 580/2347/599 578/2348/599
f 610/2349/600 609/2350/600 575/2351/600 579/2352/600
f 611/2353/601 610/2354/601 579/2355/601 577/2356/601
f 612/2357/602 611/2358/602 577/2359/602 573/2360/602
f 609/2361/603 613/2362/603 571/2363/603 575/2364/603
f 614/2365/604 612/2366/604 573/2367/604 569/2368/604
f 613/2369/605 615/2370/605 567/2371/605 571/2372/605
f 616/2373/606 614/2374/606 569/2375/606 565/2376/606
f 615/2377/607 586/2378/607 563/2379/607 567/2380/607
f 587/2381/608 616/2382/608 565/2383/608 561/2384/608
f 618/2385/609 617/2386/609 538/2387/609 542/2388/609
f 619/2389/610 618/2390/610 542/2391/610 544/2392/610
f 620/2393/611 619/2394/611 544/2395/611 540/2396/611
f 617/2397/612 621/2398/612 582/2399/612 538/2400/612
f 622/2401/613 620/2402/613 540/2403/613 584/2404/613
f 621/2405/614 622/2406/614 584/2407/614 582/2408/614
f 624/2409/615 623/2410/615 546/2411/615 550/2412/615
f 626/2413/616 625/2414/616 552/2415/616 548/2416/616
f 623/2417/617 626/2418/617 548/2419/617 546/2420/617
f 627/2421/618 624/2422/618 550/2423/618 554/2424/618
f 625/2425/619 628/2426/619 556/2427/619 552/2428/619
f 630/2429/620 629/2430/620 558/2431/620 562/2432/620
f 632/2433/621 631/2434/621 564/2435/621 560/2436/621
f 629/2437/622 627/2438/622 554/2439/622 558/2440/622
f 628/2441/623 632/2442/623 560/2443/623 556/2444/623
f 633/2445/624 630/2446/624 562/2447/624 566/2448/624
f 631/2449/625 634/2450/625 568/2451/625 564/2452/625
f 635/2453/626 633/2454/626 566/2455/626 570/2456/626
f 634/2457/627 636/2458/627 572/2459/627 568/2460/627
f 637/2461/628 635/2462/628 570/2463/628 574/2464/628
f 636/2465/629 638/2466/629 576/2467/629 572/2468/629
f 639/2469/630 637/2470/630 574/2471/630 578/2472/630
f 640/2473/631 639/2474/631 578/2475/631 580/2476/631
f 638/2477/632 640/2478/632 580/2479/632 576/2480/632
f 642/2481/633 641/2482/633 579/2483/633 583/2484/633
f 643/2485/634 642/2486/634 583/2487/634 581/2488/634
f 644/2489/635 643/2490/635 581/2491/635 577/2492/635
f 641/2493/636 644/2494/636 577/2495/636 579/2496/636
f 646/2497/637 645/2498/637 543/2499/637 547/2500/637
f 647/2501/638 646/2502/638 547/2503/638 545/2504/638
f 648/2505/639 647/2506/639 545/2507/639 541/2508/639
f 645/2509/640 648/2510/640 541/2511/640 543/2512/640
o head
v -9.25185853854297e-18 0.8125 -0.125
v -9.25185853854297e-18 1.0625 -0.125
v 0.01674682452694515 1.045753175473055 -0.06250000000000003
v 0.02900635094610965 1 -0.016746824526945175
v 0.03349364905389032 0.9375 0
v 0.02900635094610965 0.875 -0.016746824526945175
v 0.01674682452694515 0.8292468245269452 -0.06250000000000003
v 0.0457531754730548 1.045753175473055 -0.0792468245269452
v 0.07924682452694516 1 -0.04575317547305484
v 0.09150635094610962 0.9375 -0.03349364905389038
v 0.07924682452694516 0.875 -0.04575317547305484
v 0.0457531754730548 0.8292468245269452 -0.0792468245269452
v 0.06249999999999997 1.045753175473055 -0.10825317547305485
v 0.10825317547305482 1 -0.09599364905389035
v 0.125 0.9375 -0.09150635094610968
v 0.10825317547305482 0.875 -0.09599364905389035
v 0.06249999999999997 0.8292468245269452 -0.10825317547305485
v 0.06249999999999997 1.045753175473055 -0.14174682452694518
v 0.10825317547305482 1 -0.15400635094610968
v 0.125 0.9375 -0.15849364905389035
v 0.10825317547305482 0.875 -0.15400635094610968
v 0.06249999999999997 0.8292468245269452 -0.14174682452694518
v 0.045753175473054804 1.045753175473055 -0.17075317547305482
v 0.07924682452694516 1 -0.20424682452694515
v 0.09150635094610962 0.9375 -0.21650635094610965
v 0.07924682452694516 0.875 -0.20424682452694515
v 0.045753175473054804 0.8292468245269452 -0.17075317547305482
v 0.016746824526945165 1.045753175473055 -0.18749999999999997
v 0.029006350946109677 1 -0.2332531754730548
v 0.03349364905389036 0.9375 -0.24999999999999994
v 0.029006350946109677 0.875 -0.23325317547305482
v 0.016746824526945165 0.8292468245269452 -0.18749999999999997
v -0.01674682452694514 1.045753175473055 -0.1875
v -0.02900635094610962 1 -0.23325317547305482
v -0.03349364905389029 0.9375 -0.25
v -0.029006350946109625 0.875 -0.23325317547305485
v -0.01674682452694514 0.8292468245269452 -0.1875
v -0.045753175473054825 1.045753175473055 -0.17075317547305482
v -0.07924682452694515 1 -0.20424682452694518
v -0.09150635094610966 0.9375 -0.21650635094610965
v -0.07924682452694515 0.875 -0.20424682452694518
v -0.045753175473054825 0.8292468245269452 -0.17075317547305482
v -0.062499999999999986 1.045753175473055 -0.14174682452694515
v -0.10825317547305482 1 -0.15400635094610965
v -0.12499999999999996 0.9375 -0.15849364905389032
v -0.10825317547305482 0.875 -0.15400635094610965
v -0.062499999999999986 0.8292468245269452 -0.14174682452694515
v -0.062499999999999986 1.045753175473055 -0.10825317547305488
v -0.10825317547305482 1 -0.0959936490538904
v -0.125 0.9375 -0.09150635094610973
v -0.10825317547305487 0.875 -0.0959936490538904
v -0.062499999999999986 0.8292468245269452 -0.10825317547305488
v -0.045753175473054825 1.045753175473055 -0.0792468245269452
v -0.07924682452694518 1 -0.045753175473054866
v -0.09150635094610966 0.9375 -0.03349364905389038
v -0.07924682452694518 0.875 -0.045753175473054866
v -0.045753175473054825 0.8292468245269452 -0.0792468245269452
v -0.016746824526945165 1.045753175473055 -0.06250000000000003
v -0.029006350946109653 1 -0.016746824526945175
v -0.03349364905389032 0.9375 0
v -0.029006350946109656 0.875 -0.016746824526945175
v -0.016746824526945165 0.8292468245269452 -0.06250000000000003
vt 0.12318671875000001 0.5930279500546093
vt 0.12684716391545725 0.5950585199117151
vt 0.12109375 0.6011154500546093
vt 0.6993399128891349 0.8115207811690999
vt 0.69893828125 0.8032991108742874
vt 0.7061204088620983 0.8043002110965136
vt 0.7034857693581742 0.8120986625514193
vt 0.69893828125 0.8032991108742874
vt 0.69949921875 0.7952116108742874
vt 0.7077924792268875 0.7963675893467956
vt 0.7061204088620983 0.8043002110965136
vt 0.69949921875 0.7952116108742874
vt 0.7011712891147892 0.7872789891245693
vt 0.7083534167268875 0.7882800893467956
vt 0.7077924792268875 0.7963675893467956
vt 0.6961030396914215 0.6179128219521945
vt 0.6935202353341738 0.6100970499453907
vt 0.6971806804996311 0.6080664800882849
vt 0.7024442588078407 0.6143951382243751
vt 0.6971806804996311 0.6080664800882849
vt 0.6935202353341738 0.6100970499453907
vt 0.6914272665841739 0.6020095499453907
vt 0.12684716391545725 0.5950585199117151
vt 0.12906307011681173 0.5986098340995483
vt 0.12109375 0.6011154500546093
vt 0.12684716391545725 0.5950585199117151
vt 0.13289710727219317 0.589476821622624
vt 0.1367358607923448 0.5956289862906843
vt 0.12906307011681173 0.5986098340995483
vt 0.5438795911379017 0.31211271109651373
vt 0.5422075207731125 0.30418008934679563
vt 0.55050078125 0.3030241108742874
vt 0.55106171875 0.3111116108742874
vt 0.5422075207731125 0.30418008934679563
vt 0.5416465832731125 0.2960925893467956
vt 0.5488287108852108 0.2950914891245693
vt 0.55050078125 0.3030241108742874
vt 0.703230623856367 0.613648178377376
vt 0.6971806804996311 0.6080664800882849
vt 0.6993965867009856 0.6045151659004517
vt 0.7070693773765186 0.6074960137093157
vt 0.6993965867009856 0.6045151659004517
vt 0.6971806804996311 0.6080664800882849
vt 0.6914272665841739 0.6020095499453907
vt 0.12906307011681173 0.5986098340995483
vt 0.12927807848684317 0.602790246059478
vt 0.12109375 0.6011154500546093
vt 0.5546451213422474 0.3203125
vt 0.5512629256810919 0.31280797317149067
vt 0.55831328125 0.3111116108742874
vt 0.5587149128891349 0.31933328116909987
vt 0.55106171875 0.3111116108742874
vt 0.55050078125 0.3030241108742874
vt 0.55887421875 0.3030241108742874
vt 0.55831328125 0.3111116108742874
vt 0.5508199539264312 0.30073429129226137
vt 0.5535711364657534 0.2931084600743393
vt 0.5605462891147892 0.2950914891245693
vt 0.55887421875 0.3030241108742874
vt 0.3367498890980209 0.22055668973248155
vt 0.3382827015980209 0.21246918973248152
vt 0.3424686390980209 0.21246918973248152
vt 0.3440014515980209 0.22055668973248155
vt 0.699611595071017 0.600334753940522
vt 0.6993965867009856 0.6045151659004517
vt 0.6914272665841739 0.6020095499453907
vt 0.12927807848684317 0.602790246059478
vt 0.1274382057779211 0.6065501584479346
vt 0.12109375 0.6011154500546093
vt 0.5587149128891349 0.31933328116909987
vt 0.55831328125 0.3111116108742874
vt 0.5654954088620983 0.31211271109651373
vt 0.5628607693581742 0.31991116255141927
vt 0.55831328125 0.3111116108742874
vt 0.55887421875 0.3030241108742874
vt 0.5671674792268875 0.30418008934679563
vt 0.5654954088620983 0.31211271109651373
vt 0.55887421875 0.3030241108742874
vt 0.5605462891147892 0.2950914891245693
vt 0.5677284167268875 0.2960925893467956
vt 0.5671674792268875 0.30418008934679563
vt 0.34400145159802087 0.22055668973248155
vt 0.3424686390980209 0.21246918973248152
vt 0.34636427759733224 0.2109375
vt 0.3507501109019791 0.2179032473851703
vt 0.697771722362095 0.5965748415520654
vt 0.699611595071017 0.600334753940522
vt 0.6914272665841739 0.6020095499453907
vt 0.1274382057779211 0.6065501584479346
vt 0.12400539821120761 0.608945550892571
vt 0.12109375 0.6011154500546093
vt 0.7557301427506886 0.328125
vt 0.7513443094460418 0.3211592526148297
vt 0.75809296875 0.31850581026751845
vt 0.75962578125 0.3265933102675185
vt 0.5025840832731125 0.3210949106532044
vt 0.5031450207731125 0.31300741065320437
vt 0.51143828125 0.3141633891257126
vt 0.5097662108852108 0.3220960108754307
vt 0.5031450207731125 0.31300741065320437
vt 0.5048170911379017 0.30507478890348627
vt 0.51199921875 0.3060758891257126
vt 0.51143828125 0.3141633891257126
vt 0.5048170911379017 0.30507478890348627
vt 0.5074517306418258 0.29727633744858073
vt 0.5115975871108651 0.29785421883090013
vt 0.51199921875 0.3060758891257126
vt 0.6943389147953815 0.594179449107429
vt 0.697771722362095 0.5965748415520654
vt 0.6914272665841739 0.6020095499453907
vt 0.12234595171620749 0.609375
vt 0.11818210178879239 0.608945550892571
vt 0.12109375 0.6011154500546093
vt 0.75962578125 0.3265933102675185
vt 0.75809296875 0.31850581026751845
vt 0.76534453125 0.31850581026751845
vt 0.76381171875 0.3265933102675185
vt 0.5145086364657534 0.3240790399256607
vt 0.5117574539264312 0.31645320870773863
vt 0.51981171875 0.3141633891257126
vt 0.5214837891147892 0.3220960108754307
vt 0.51143828125 0.3141633891257126
vt 0.51199921875 0.3060758891257126
vt 0.51925078125 0.3060758891257126
vt 0.51981171875 0.3141633891257126
vt 0.5122004256810919 0.30437952682850933
vt 0.5155826213422474 0.296875
vt 0.5196524128891349 0.29785421883090013
vt 0.51925078125 0.3060758891257126
vt 0.6901750648679664 0.59375
vt 0.6943389147953815 0.594179449107429
vt 0.6914272665841739 0.6020095499453907
vt 0.11818210178879239 0.608945550892571
vt 0.11474929422207893 0.6065501584479346
vt 0.12109375 0.6011154500546093
vt 0.76381171875 0.3265933102675185
vt 0.76534453125 0.31850581026751845
vt 0.7720931905539582 0.3211592526148297
vt 0.7677073572493114 0.328125
vt 0.5214837891147892 0.3220960108754307
vt 0.51981171875 0.3141633891257126
vt 0.5281049792268875 0.31300741065320437
vt 0.5286659167268875 0.3210949106532044
vt 0.51981171875 0.3141633891257126
vt 0.51925078125 0.3060758891257126
vt 0.5264329088620983 0.30507478890348627
vt 0.5281049792268875 0.31300741065320437
vt 0.51925078125 0.3060758891257126
vt 0.5196524128891349 0.29785421883090013
vt 0.5237982693581742 0.29727633744858073
vt 0.5264329088620983 0.30507478890348627
vt 0.6863256116094782 0.5953943182066199
vt 0.6901750648679664 0.59375
vt 0.6914272665841739 0.6020095499453907
vt 0.11474929422207893 0.6065501584479346
vt 0.11290942151315683 0.602790246059478
vt 0.12109375 0.6011154500546093
vt 0.2418267306418258 0.31209866255141927
vt 0.2391920911379017 0.30430021109651373
vt 0.24637421875 0.3032991108742874
vt 0.2459725871108651 0.31152078116909987
vt 0.2391920911379017 0.30430021109651373
vt 0.23752002077311252 0.29636758934679563
vt 0.24581328125000002 0.2952116108742874
vt 0.24637421875 0.3032991108742874
vt 0.23752002077311252 0.29636758934679563
vt 0.23695908327311252 0.2882800893467956
vt 0.24414121088521082 0.2872789891245693
vt 0.24581328125000002 0.2952116108742874
vt 0.3133123890980209 0.2179032473851703
vt 0.31769822240266776 0.2109375
vt 0.3215938609019791 0.21246918973248152
vt 0.3200610484019791 0.22055668973248155
vt 0.6810763869028991 0.6017345832361146
vt 0.6818725728643827 0.5976250625014494
vt 0.6894143377868237 0.6012181052639443
vt 0.11290942151315683 0.602790246059478
vt 0.11312442988318826 0.5986098340995483
vt 0.12109375 0.6011154500546093
vt 0.2459725871108651 0.31152078116909987
vt 0.24637421875 0.3032991108742874
vt 0.25342457431890814 0.30499547317149067
vt 0.2500423786577526 0.3125
vt 0.24637421875 0.3032991108742874
vt 0.24581328125000002 0.2952116108742874
vt 0.25418671875 0.2952116108742874
vt 0.25362578125 0.3032991108742874
vt 0.24613245392643127 0.2929217912922615
vt 0.24888363646575346 0.2852959600743393
vt 0.2558587891147892 0.2872789891245693
vt 0.25418671875 0.2952116108742874
vt 0.3200610484019791 0.22055668973248155
vt 0.3215938609019791 0.21246918973248152
vt 0.3257797984019791 0.21246918973248152
vt 0.3273126109019791 0.22055668973248155
vt 0.6823736527788097 0.6057144292131725
vt 0.6810763869028991 0.6017345832361146
vt 0.6894143377868237 0.6012181052639443
vt 0.11312442988318826 0.5986098340995483
vt 0.11534033608454275 0.5950585199117151
vt 0.12109375 0.6011154500546093
vt 0.11312442988318826 0.5986098340995483
vt 0.1054516392076552 0.5956289862906843
vt 0.10929039272780683 0.589476821622624
vt 0.11534033608454275 0.5950585199117151
vt 0.25362578125 0.3032991108742874
vt 0.25418671875 0.2952116108742874
vt 0.2624799792268875 0.29636758934679563
vt 0.2608079088620983 0.30430021109651373
vt 0.25418671875 0.2952116108742874
vt 0.2558587891147892 0.2872789891245693
vt 0.26304091672688745 0.2882800893467956
vt 0.2624799792268875 0.29636758934679563
vt 0.6757431226234814 0.6105922607261953
vt 0.6823736527788097 0.6057144292131725
vt 0.6854386593348625 0.6085653602129092
vt 0.6810528260302157 0.6155311075980794
vt 0.6854386593348625 0.6085653602129092
vt 0.6823736527788097 0.6057144292131725
vt 0.6894143377868237 0.6012181052639443
vt 0.11534033608454275 0.5950585199117151
vt 0.11900078124999999 0.5930279500546093
vt 0.12109375 0.6011154500546093
vt 0.6871392306418258 0.8120986625514193
vt 0.6845045911379017 0.8043002110965136
vt 0.69168671875 0.8032991108742874
vt 0.6912850871108651 0.8115207811690999
vt 0.6845045911379017 0.8043002110965136
vt 0.6828325207731125 0.7963675893467956
vt 0.69112578125 0.7952116108742874
vt 0.69168671875 0.8032991108742874
vt 0.6828325207731125 0.7963675893467956
vt 0.6822715832731125 0.7882800893467956
vt 0.6894537108852108 0.7872789891245693
vt 0.69112578125 0.7952116108742874
vt 0.6810528260302157 0.6155311075980794
vt 0.6854386593348625 0.6085653602129092
vt 0.6893342978341739 0.6100970499453907
vt 0.6878014853341738 0.6181845499453906
vt 0.6893342978341739 0.6100970499453907
vt 0.6854386593348625 0.6085653602129092
vt 0.6903458014868417 0.6018045813865648
vt 0.11900078124999999 0.5930279500546093
vt 0.12318671875000001 0.5930279500546093
vt 0.12109375 0.6011154500546093
vt 0.6952701213422474 0.8125
vt 0.6918879256810919 0.8049954731714906
vt 0.69893828125 0.8032991108742874
vt 0.6993399128891349 0.8115207811690999
vt 0.69168671875 0.8032991108742874
vt 0.69112578125 0.7952116108742874
vt 0.69949921875 0.7952116108742874
vt 0.69893828125 0.8032991108742874
vt 0.6914449539264312 0.7929217912922615
vt 0.6941961364657534 0.7852959600743393
vt 0.7011712891147892 0.7872789891245693
vt 0.69949921875 0.7952116108742874
vt 0.6878014853341738 0.6181845499453906
vt 0.6893342978341739 0.6100970499453907
vt 0.6935202353341738 0.6100970499453907
vt 0.6950530478341739 0.6181845499453906
vt 0.6935202353341738 0.6100970499453907
vt 0.6893342978341739 0.6100970499453907
vt 0.6914272665841739 0.6020095499453907
vn 0.12940952255126054 0.9659258262890683 0.22414386804201353
vn 0.35355339059327356 0.7071067811865479 0.6123724356957942
vn 0.48296291314453477 0.2588190451025208 0.8365163037378076
vn 0.48296291314453416 -0.2588190451025209 0.8365163037378079
vn 0.353553390593274 -0.7071067811865476 0.6123724356957945
vn 0.12940952255126054 -0.9659258262890683 0.22414386804201353
vn 0.22414386804201356 0.9659258262890683 0.12940952255126056
vn 0.6123724356957942 0.707106781186548 0.3535533905932736
vn 0.8365163037378078 0.2588190451025202 0.4829629131445349
vn 0.836516303737808 -0.2588190451025202 0.48296291314453416
vn 0.6123724356957944 -0.7071067811865477 0.3535533905932739
vn 0.22414386804201356 -0.9659258262890683 0.12940952255126056
vn 0.25881904510252096 0.9659258262890683 0
vn 0.7071067811865471 0.7071067811865479 0
vn 0.9659258262890683 0.2588190451025209 0
vn 0.9659258262890682 -0.2588190451025209 0
vn 0.7071067811865476 -0.7071067811865476 0
vn 0.25881904510252096 -0.9659258262890683 0
vn 0.22414386804201353 0.9659258262890683 -0.1294095225512605
vn 0.6123724356957942 0.7071067811865479 -0.35355339059327384
vn 0.8365163037378076 0.2588190451025208 -0.48296291314453466
vn 0.8365163037378077 -0.25881904510252085 -0.4829629131445345
vn 0.6123724356957946 -0.7071067811865476 -0.35355339059327395
vn 0.22414386804201353 -0.9659258262890683 -0.1294095225512605
vn 0.12940952255126043 0.9659258262890683 -0.22414386804201358
vn 0.3535533905932737 0.7071067811865477 -0.6123724356957945
vn 0.48296291314453405 0.2588190451025208 -0.8365163037378079
vn 0.48296291314453454 -0.25881904510252096 -0.8365163037378078
vn 0.35355339059327373 -0.7071067811865474 -0.6123724356957948
vn 0.12940952255126043 -0.9659258262890683 -0.22414386804201358
vn 1.0723930924262047e-16 0.9659258262890683 -0.258819045102521
vn 3.466028960407398e-16 0.7071067811865477 -0.7071067811865474
vn 6.003338259930747e-16 0.2588190451025207 -0.9659258262890683
vn 6.932057920814796e-16 -0.2588190451025204 -0.9659258262890684
vn 4.0022255066204985e-16 -0.7071067811865476 -0.7071067811865475
vn 1.072393092426205e-16 -0.9659258262890683 -0.2588190451025211
vn -0.1294095225512604 0.9659258262890683 -0.22414386804201367
vn -0.3535533905932735 0.7071067811865477 -0.6123724356957945
vn -0.4829629131445339 0.25881904510252085 -0.8365163037378083
vn -0.4829629131445345 -0.2588190451025203 -0.8365163037378078
vn -0.35355339059327323 -0.7071067811865478 -0.6123724356957946
vn -0.1294095225512604 -0.9659258262890683 -0.22414386804201367
vn -0.22414386804201358 0.9659258262890683 -0.12940952255126045
vn -0.6123724356957945 0.7071067811865477 -0.3535533905932738
vn -0.8365163037378082 0.25881904510252096 -0.48296291314453355
vn -0.8365163037378079 -0.25881904510252113 -0.4829629131445342
vn -0.6123724356957948 -0.7071067811865474 -0.3535533905932738
vn -0.22414386804201358 -0.9659258262890683 -0.12940952255126045
vn -0.25881904510252096 0.9659258262890683 0
vn -0.7071067811865474 0.7071067811865478 0
vn -0.9659258262890685 0.25881904510252035 -6.003338259930753e-16
vn -0.9659258262890685 -0.2588190451025204 -6.932057920814803e-16
vn -0.7071067811865478 -0.7071067811865474 0
vn -0.25881904510252096 -0.9659258262890683 0
vn -0.22414386804201364 0.9659258262890683 0.12940952255126043
vn -0.6123724356957946 0.7071067811865477 0.35355339059327345
vn -0.8365163037378082 0.25881904510252085 0.482962913144534
vn -0.8365163037378079 -0.25881904510252035 0.4829629131445344
vn -0.6123724356957947 -0.7071067811865478 0.3535533905932734
vn -0.22414386804201364 -0.9659258262890683 0.12940952255126043
vn -0.12940952255126054 0.9659258262890683 0.22414386804201356
vn -0.3535533905932739 0.7071067811865478 0.6123724356957942
vn -0.4829629131445345 0.2588190451025207 0.8365163037378077
vn -0.48296291314453443 -0.25881904510252074 0.8365163037378077
vn -0.35355339059327395 -0.7071067811865475 0.6123724356957946
vn -0.12940952255126054 -0.9659258262890683 0.22414386804201356
vn 0 0.9659258262890683 0.258819045102521
vn 0 0.7071067811865478 0.7071067811865472
vn 0 0.2588190451025209 0.9659258262890683
vn 0 -0.25881904510252096 0.9659258262890683
vn 0 -0.7071067811865476 0.7071067811865476
vn 0 -0.9659258262890683 0.258819045102521
usemtl m_11845850-9d74-0af3-9624-28c2ed61c2c1
f 651/2513/641 656/2514/641 650/2515/641
f 651/2516/642 652/2517/642 657/2518/642 656/2519/642
f 652/2520/643 653/2521/643 658/2522/643 657/2523/643
f 653/2524/644 654/2525/644 659/2526/644 658/2527/644
f 654/2528/645 655/2529/645 660/2530/645 659/2531/645
f 660/2532/646 655/2533/646 649/2534/646
f 656/2535/647 661/2536/647 650/2537/647
f 656/2538/648 657/2539/648 662/2540/648 661/2541/648
f 657/2542/649 658/2543/649 663/2544/649 662/2545/649
f 658/2546/650 659/2547/650 664/2548/650 663/2549/650
f 659/2550/651 660/2551/651 665/2552/651 664/2553/651
f 665/2554/652 660/2555/652 649/2556/652
f 661/2557/653 666/2558/653 650/2559/653
f 661/2560/654 662/2561/654 667/2562/654 666/2563/654
f 662/2564/655 663/2565/655 668/2566/655 667/2567/655
f 663/2568/656 664/2569/656 669/2570/656 668/2571/656
f 664/2572/657 665/2573/657 670/2574/657 669/2575/657
f 670/2576/658 665/2577/658 649/2578/658
f 666/2579/659 671/2580/659 650/2581/659
f 666/2582/660 667/2583/660 672/2584/660 671/2585/660
f 667/2586/661 668/2587/661 673/2588/661 672/2589/661
f 668/2590/662 669/2591/662 674/2592/662 673/2593/662
f 669/2594/663 670/2595/663 675/2596/663 674/2597/663
f 675/2598/664 670/2599/664 649/2600/664
f 671/2601/665 676/2602/665 650/2603/665
f 671/2604/666 672/2605/666 677/2606/666 676/2607/666
f 672/2608/667 673/2609/667 678/2610/667 677/2611/667
f 673/2612/668 674/2613/668 679/2614/668 678/2615/668
f 674/2616/669 675/2617/669 680/2618/669 679/2619/669
f 680/2620/670 675/2621/670 649/2622/670
f 676/2623/671 681/2624/671 650/2625/671
f 676/2626/672 677/2627/672 682/2628/672 681/2629/672
f 677/2630/673 678/2631/673 683/2632/673 682/2633/673
f 678/2634/674 679/2635/674 684/2636/674 683/2637/674
f 679/2638/675 680/2639/675 685/2640/675 684/2641/675
f 685/2642/676 680/2643/676 649/2644/676
f 681/2645/677 686/2646/677 650/2647/677
f 681/2648/678 682/2649/678 687/2650/678 686/2651/678
f 682/2652/679 683/2653/679 688/2654/679 687/2655/679
f 683/2656/680 684/2657/680 689/2658/680 688/2659/680
f 684/2660/681 685/2661/681 690/2662/681 689/2663/681
f 690/2664/682 685/2665/682 649/2666/682
f 686/2667/683 691/2668/683 650/2669/683
f 686/2670/684 687/2671/684 692/2672/684 691/2673/684
f 687/2674/685 688/2675/685 693/2676/685 692/2677/685
f 688/2678/686 689/2679/686 694/2680/686 693/2681/686
f 689/2682/687 690/2683/687 695/2684/687 694/2685/687
f 695/2686/688 690/2687/688 649/2688/688
f 691/2689/689 696/2690/689 650/2691/689
f 691/2692/690 692/2693/690 697/2694/690 696/2695/690
f 692/2696/691 693/2697/691 698/2698/691 697/2699/691
f 693/2700/692 694/2701/692 699/2702/692 698/2703/692
f 694/2704/693 695/2705/693 700/2706/693 699/2707/693
f 700/2708/694 695/2709/694 649/2710/694
f 696/2711/695 701/2712/695 650/2713/695
f 696/2714/696 697/2715/696 702/2716/696 701/2717/696
f 697/2718/697 698/2719/697 703/2720/697 702/2721/697
f 698/2722/698 699/2723/698 704/2724/698 703/2725/698
f 699/2726/699 700/2727/699 705/2728/699 704/2729/699
f 705/2730/700 700/2731/700 649/2732/700
f 701/2733/701 706/2734/701 650/2735/701
f 701/2736/702 702/2737/702 707/2738/702 706/2739/702
f 702/2740/703 703/2741/703 708/2742/703 707/2743/703
f 703/2744/704 704/2745/704 709/2746/704 708/2747/704
f 704/2748/705 705/2749/705 710/2750/705 709/2751/705
f 710/2752/706 705/2753/706 649/2754/706
f 706/2755/707 651/2756/707 650/2757/707
f 706/2758/708 707/2759/708 652/2760/708 651/2761/708
f 707/2762/709 708/2763/709 653/2764/709 652/2765/709
f 708/2766/710 709/2767/710 654/2768/710 653/2769/710
f 709/2770/711 710/2771/711 655/2772/711 654/2773/711
f 655/2774/712 710/2775/712 649/2776/712
o dish
v 0.004465819873852003 0.9546060369329266 -0.11995032913979292
v 0.08408436404706643 0.694063199140174 0.05466546282945195
v 0.13397459621556132 0.26019636665462875 -0.04356127641960761
v 0.08408436404706646 0.5488694607782577 -0.05674561110120244
v 0.0714531179816327 0.5474961419494715 -0.1172186351313122
v 0.05882187191619898 0.6062640387218416 -0.13154368134079325
v 0.05358983848622453 0.6907477141982559 -0.091329331941753
v 0.05882187191619896 0.7514577770837579 -0.020132607410138836
v 0.012200846792814551 0.9573246558210283 -0.12349330225385241
v 0.2297227546987033 0.7452505167547557 -0.01204314825355246
v 0.3660254037844386 0.34175493329768014 -0.14985046984139266
v 0.22972275469870335 0.6000567783928394 -0.12345422218420682
v 0.19521354868503388 0.590994044159099 -0.1739062049562642
v 0.16070434267136446 0.6420725255265148 -0.17821020990769287
v 0.14641016151377545 0.7233711408554764 -0.133845009310467
v 0.16070434267136444 0.7872662638884311 -0.06679913597703849
v 0.01666666666666658 0.9620334418616369 -0.12962991169725396
v 0.3138071187457698 0.8339095515663765 -0.12758585195166838
v 0.5 0.4830185145159376 -0.33394875314344014
v 0.31380711874576983 0.6887158132044602 -0.2389969258823228
v 0.2666666666666666 0.6663346208088362 -0.2720919560506895
v 0.21952621458756344 0.7040946440143686 -0.2590390083984276
v 0.19999999999999998 0.7798765733427794 -0.207484322631286
v 0.21952621458756344 0.8492883823762849 -0.14762793446777314
v 0.01666666666666658 0.9674706796378403 -0.13671585792537294
v 0.3138071187457698 0.9362841867955398 -0.2610030741176772
v 0.5 0.6461356478020406 -0.5465271399870103
v 0.31380711874576983 0.7910904484336235 -0.3724141480483316
v 0.2666666666666666 0.7533304252280911 -0.38546709570059356
v 0.21952621458756344 0.7757116176237151 -0.3523720655322269
v 0.19999999999999998 0.8451234266572206 -0.29251567736871403
v 0.21952621458756344 0.9209053559856313 -0.24096099160157247
v 0.012200846792814555 0.9721794656784488 -0.1428524673687745
v 0.22972275469870335 1.0249432216071606 -0.3765457778157931
v 0.36602540378443865 0.7873992290202978 -0.7306254232890577
v 0.22972275469870337 0.8797494832452444 -0.48795685174644754
v 0.19521354868503393 0.8286710018778284 -0.48365284679501885
v 0.1607043426713645 0.8377337361115689 -0.43320086402296154
v 0.14641016151377545 0.9016288591445235 -0.366154990689533
v 0.16070434267136446 0.982927474473485 -0.32178979009230707
v 0.004465819873852008 0.9748980845665505 -0.14639544048283398
v 0.08408436404706653 1.0761305392217422 -0.4432543888987975
v 0.1339745962155615 0.8689577956633493 -0.8369146167108427
v 0.08408436404706654 0.930936800859826 -0.554665462829452
v 0.07145311798163279 0.8721689040874558 -0.5403404166199708
v 0.05882187191619903 0.8735422229162421 -0.47986739258986116
v 0.05358983848622458 0.9342522858017441 -0.40867066805824703
v 0.05882187191619903 1.0187359612781584 -0.3684563186592067
v -0.004465819873852048 0.9748980845665505 -0.14639544048283398
v -0.0840843640470663 1.0761305392217422 -0.44325438889879754
v -0.13397459621556115 0.8689577956633494 -0.8369146167108428
v -0.08408436404706632 0.930936800859826 -0.554665462829452
v -0.07145311798163259 0.8721689040874558 -0.5403404166199709
v -0.05882187191619888 0.8735422229162421 -0.4798673925898612
v -0.05358983848622445 0.9342522858017441 -0.40867066805824703
v -0.05882187191619888 1.0187359612781584 -0.36845631865920675
v -0.012200846792814603 0.9721794656784488 -0.1428524673687745
v -0.2297227546987033 1.0249432216071606 -0.3765457778157931
v -0.3660254037844386 0.7873992290202979 -0.7306254232890577
v -0.22972275469870335 0.8797494832452444 -0.48795685174644765
v -0.19521354868503388 0.8286710018778284 -0.48365284679501885
v -0.16070434267136446 0.8377337361115689 -0.43320086402296154
v -0.14641016151377545 0.9016288591445235 -0.36615499068953306
v -0.16070434267136444 0.982927474473485 -0.3217897900923071
v -0.016666666666666635 0.9674706796378403 -0.13671585792537294
v -0.3138071187457698 0.9362841867955398 -0.26100307411767715
v -0.5 0.6461356478020405 -0.5465271399870102
v -0.31380711874576983 0.7910904484336235 -0.37241414804833156
v -0.2666666666666666 0.753330425228091 -0.3854670957005935
v -0.21952621458756344 0.7757116176237151 -0.3523720655322269
v -0.19999999999999998 0.8451234266572205 -0.29251567736871403
v -0.21952621458756344 0.9209053559856313 -0.24096099160157242
v -0.016666666666666635 0.9620334418616369 -0.12962991169725396
v -0.3138071187457698 0.8339095515663766 -0.1275858519516685
v -0.5 0.4830185145159377 -0.3339487531434403
v -0.31380711874576983 0.6887158132044603 -0.2389969258823229
v -0.26666666666666666 0.6663346208088363 -0.2720919560506896
v -0.21952621458756347 0.7040946440143687 -0.25903900839842764
v -0.19999999999999998 0.7798765733427795 -0.20748432263128608
v -0.21952621458756344 0.8492883823762849 -0.14762793446777323
v -0.01220084679281461 0.9573246558210283 -0.12349330225385241
v -0.22972275469870337 0.7452505167547557 -0.012043148253552488
v -0.36602540378443865 0.34175493329768025 -0.14985046984139283
v -0.22972275469870343 0.6000567783928394 -0.1234542221842069
v -0.195213548685034 0.590994044159099 -0.17390620495626424
v -0.16070434267136455 0.642072525526515 -0.17821020990769293
v -0.14641016151377545 0.7233711408554765 -0.13384500931046706
v -0.1607043426713645 0.7872662638884311 -0.06679913597703854
v -0.004465819873852054 0.9546060369329266 -0.11995032913979292
v -0.08408436404706641 0.694063199140174 0.05466546282945195
v -0.1339745962155613 0.26019636665462875 -0.04356127641960761
v -0.08408436404706643 0.5488694607782577 -0.05674561110120244
v -0.07145311798163269 0.5474961419494715 -0.1172186351313122
v -0.058821871916198955 0.6062640387218416 -0.13154368134079325
v -0.05358983848622451 0.6907477141982559 -0.091329331941753
v -0.058821871916198955 0.7514577770837579 -0.020132607410138836
vt 0.24665234375 0.8146278903848562
vt 0.25660390625 0.7754224216348562
vt 0.2750794915124464 0.7854477040153045
vt 0.2476342840951014 0.815160714060023
vt 0.35816640625 0.8547183610820358
vt 0.364403125 0.7991121110820358
vt 0.39706467114861355 0.8065319960032786
vt 0.37866443668185756 0.859375
vt 0.264503125 0.9375
vt 0.27073984375 0.973621875
vt 0.2509365114843476 0.9806703903595511
vt 0.23294851038270092 0.9487310990297582
vt 0.62769765625 0.9340616646460332
vt 0.6261187500000001 0.9265007271460333
vt 0.6424884678650485 0.919352213785291
vt 0.6469612859244662 0.925649405177693
vt 0.44419375 0.3828125
vt 0.44577265625 0.3903734375
vt 0.43229685019436914 0.3962582047531442
vt 0.42782403213495146 0.3899610133607422
vt 0.6593176310285046 0.742378591431909
vt 0.6573640625 0.75392890625
vt 0.6440506761488669 0.7524355865819151
vt 0.644704582398867 0.7407394928319151
vt 0.6573640625 0.75392890625
vt 0.65671015625 0.765625
vt 0.6420971076203623 0.7639859014000062
vt 0.6440506761488669 0.7524355865819151
vt 0.23092890624999998 0.53125
vt 0.23772265625 0.55954296875
vt 0.23672727589136913 0.5600502417059203
vt 0.217827473305839 0.5379268472561762
vt 0.2476342840951014 0.815160714060023
vt 0.2750794915124464 0.7854477040153045
vt 0.2865370264079051 0.8030709395785319
vt 0.24824322912225172 0.816097353726098
vt 0.3791480633181425 0.984375
vt 0.36074782885138645 0.9315319960032786
vt 0.393409375 0.9241121110820358
vt 0.39964609375 0.9797183610820358
vt 0.23294851038270092 0.9487310990297582
vt 0.2509365114843476 0.9806703903595511
vt 0.23464320471024508 0.9939512672870224
vt 0.20698676772235292 0.969892838256494
vt 0.6469612859244662 0.925649405177693
vt 0.6424884678650485 0.919352213785291
vt 0.6546293451057809 0.90625
vt 0.6612484816487114 0.9102309235425006
vt 0.42782403213495146 0.3899610133607422
vt 0.43229685019436914 0.3962582047531442
vt 0.4223022914371498 0.40704415068853383
vt 0.41568315489421914 0.40306322714603315
vt 0.6938403923796377 0.6578890985999938
vt 0.6918868238511331 0.6694394134180849
vt 0.6785734375 0.66794609375
vt 0.67922734375 0.65625
vt 0.6918868238511331 0.6694394134180849
vt 0.691232917601133 0.6811355071680849
vt 0.6766198689714954 0.679496408568091
vt 0.6785734375 0.66794609375
vt 0.21782747330583896 0.5379268472561762
vt 0.23672727589136913 0.5600502417059203
vt 0.23607075565055013 0.5609541715060438
vt 0.20918619780045752 0.549824586205773
vt 0.24824322912225172 0.8160973537260982
vt 0.2865370264079051 0.8030709395785319
vt 0.2882024036414733 0.8240251767697915
vt 0.24833174058601454 0.8172110294558053
vt 0.39964609375 0.9797183610820358
vt 0.393409375 0.9241121110820358
vt 0.426903125 0.9241121110820358
vt 0.42066640625 0.9797183610820358
vt 0.551903125 0.3359375
vt 0.54566640625 0.375
vt 0.52464609375 0.375
vt 0.518409375 0.3359375
vt 0.35277109375 1
vt 0.35435 0.9921875
vt 0.3722125 0.9921875
vt 0.37379140625 1
vt 0.4269 0.796875
vt 0.42532109375 0.8046875
vt 0.41061640625 0.8046875
vt 0.4090375 0.796875
vt 0.67922734375 0.65625
vt 0.6785734375 0.66794609375
vt 0.6651765625 0.66794609375
vt 0.66452265625 0.65625
vt 0.4598234375 0.9921875
vt 0.46047734375 1
vt 0.44577265625 1
vt 0.4464265625 0.9921875
vt 0.20918619780045755 0.549824586205773
vt 0.23607075565055013 0.5609541715060438
vt 0.23589625655250096 0.5620576469135342
vt 0.2068893991826386 0.5643487918839449
vt 0.24833174058601454 0.8172110294558053
vt 0.2882024036414733 0.8240251767697915
vt 0.27967240077703703 0.84323695931932
vt 0.24787838802167408 0.8182320972119127
vt 0.42066640625 0.9797183610820358
vt 0.426903125 0.9241121110820358
vt 0.45956467114861355 0.9315319960032786
vt 0.44116443668185756 0.984375
vt 0.3555132322776471 0.899580338256494
vt 0.3278567952897549 0.9236387672870224
vt 0.3115634885156524 0.9103578903595511
vt 0.3295514896172991 0.8784185990297582
vt 0.5809390183512886 0.5821059235425006
vt 0.5875581548942191 0.578125
vt 0.5996990321349515 0.591227213785291
vt 0.5952262140755338 0.597524405177693
vt 0.6624418451057809 0.5046257271460332
vt 0.6558227085628502 0.5086066506885338
vt 0.6458281498056309 0.4978207047531442
vt 0.6503009678650485 0.4915235133607422
vt 0.66452265625 0.65625
vt 0.6651765625 0.66794609375
vt 0.6518631761488669 0.6694394134180849
vt 0.6499096076203623 0.6578890985999938
vt 0.6651765625 0.66794609375
vt 0.6671301310285046 0.679496408568091
vt 0.652517082398867 0.6811355071680849
vt 0.6518631761488669 0.6694394134180849
vt 0.26347005219954245 0.667012086205773
vt 0.23658549434944987 0.6781416715060438
vt 0.23592897410863087 0.6772377417059203
vt 0.25482877669416104 0.6551143472561762
vt 0.24787838802167408 0.8182320972119127
vt 0.27967240077703703 0.84323695931932
vt 0.26301230876833837 0.8560547154357138
vt 0.24699293750608503 0.8189133352720644
vt 0.3010230633181425 0.703125
vt 0.28262282885138645 0.6502819960032786
vt 0.315284375 0.6428621110820358
vt 0.32152109375 0.6984683610820358
vt 0.3295514896172991 0.8784185990297582
vt 0.3115634885156524 0.9103578903595511
vt 0.29176015625 0.903309375
vt 0.297996875 0.8671875
vt 0.5952262140755338 0.597524405177693
vt 0.5996990321349515 0.591227213785291
vt 0.6160687499999999 0.5983757271460333
vt 0.61448984375 0.6059366646460331
vt 0.6503009678650485 0.4915235133607422
vt 0.6458281498056309 0.4978207047531442
vt 0.63235234375 0.4919359375
vt 0.6339312500000001 0.484375
vt 0.691232917601133 0.7016769928319151
vt 0.6918868238511331 0.7133730865819152
vt 0.6785734375 0.71486640625
vt 0.6766198689714954 0.703316091431909
vt 0.6918868238511331 0.7133730865819152
vt 0.6938403923796377 0.7249234014000062
vt 0.67922734375 0.7265625
vt 0.6785734375 0.71486640625
vt 0.25482877669416104 0.6551143472561762
vt 0.23592897410863087 0.6772377417059203
vt 0.23493359375 0.67673046875
vt 0.24172734375000002 0.6484375
vt 0.24699293750608503 0.8189133352720644
vt 0.26301230876833837 0.8560547154357138
vt 0.24225588210068144 0.859375
vt 0.24588977500943932 0.8190898017452277
vt 0.32152109375 0.6984683610820358
vt 0.315284375 0.6428621110820358
vt 0.348778125 0.6428621110820358
vt 0.34254140625 0.6984683610820358
vt 0.297996875 0.8671875
vt 0.29176015625 0.903309375
vt 0.27073984375 0.903309375
vt 0.264503125 0.8671875
vt 0.61448984375 0.6059366646460331
vt 0.6160687499999999 0.5983757271460333
vt 0.6339312500000001 0.5983757271460333
vt 0.63551015625 0.6059366646460331
vt 0.6339312500000001 0.484375
vt 0.63235234375 0.4919359375
vt 0.61764765625 0.4919359375
vt 0.6160687499999999 0.484375
vt 0.35891484375 0.8671875
vt 0.3582609375 0.875
vt 0.3448640625 0.875
vt 0.34421015625 0.8671875
vt 0.6785734375 0.71486640625
vt 0.67922734375 0.7265625
vt 0.66452265625 0.7265625
vt 0.6651765625 0.71486640625
vt 0.24172734375 0.6484375
vt 0.23493359375 0.67673046875
vt 0.23381640625 0.67673046875
vt 0.22702265625 0.6484375
vt 0.24519456249391497 0.8189133352720644
vt 0.22917519123166163 0.8560547154357138
vt 0.21251509922296297 0.84323695931932
vt 0.24430911197832592 0.8182320972119127
vt 0.34254140625 0.6984683610820358
vt 0.348778125 0.6428621110820358
vt 0.38143967114861355 0.6502819960032786
vt 0.36303943668185756 0.703125
vt 0.264503125 0.8671875
vt 0.27073984375 0.903309375
vt 0.2509365114843476 0.9103578903595511
vt 0.23294851038270092 0.8784185990297582
vt 0.63551015625 0.6059366646460331
vt 0.6339312500000001 0.5983757271460333
vt 0.6503009678650485 0.591227213785291
vt 0.6547737859244662 0.597524405177693
vt 0.61606875 0.484375
vt 0.61764765625 0.4919359375
vt 0.6041718501943691 0.4978207047531442
vt 0.5996990321349515 0.4915235133607422
vt 0.6671301310285046 0.703316091431909
vt 0.6651765625 0.71486640625
vt 0.6518631761488669 0.7133730865819151
vt 0.652517082398867 0.7016769928319151
vt 0.6651765625 0.71486640625
vt 0.66452265625 0.7265625
vt 0.6499096076203623 0.7249234014000062
vt 0.6518631761488669 0.7133730865819152
vt 0.22702265624999998 0.6484375
vt 0.23381640625 0.67673046875
vt 0.23282102589136913 0.6772377417059203
vt 0.213921223305839 0.6551143472561762
vt 0.24430911197832592 0.8182320972119127
vt 0.21251509922296297 0.84323695931932
vt 0.20398509635852669 0.8240251767697915
vt 0.24385575941398546 0.8172110294558053
vt 0.21508556331814246 0.640625
vt 0.19668532885138645 0.5877819960032786
vt 0.229346875 0.5803621110820358
vt 0.23558359375 0.6359683610820358
vt 0.23294851038270092 0.8784185990297582
vt 0.2509365114843476 0.9103578903595511
vt 0.23464320471024508 0.9236387672870224
vt 0.20698676772235292 0.899580338256494
vt 0.6547737859244662 0.597524405177693
vt 0.6503009678650485 0.591227213785291
vt 0.6624418451057809 0.578125
vt 0.6690609816487114 0.5821059235425006
vt 0.5996990321349515 0.4915235133607422
vt 0.6041718501943691 0.4978207047531442
vt 0.5941772914371498 0.5086066506885338
vt 0.5875581548942191 0.5046257271460332
vt 0.4594653923796376 0.3219515985999938
vt 0.45751182385113304 0.3335019134180849
vt 0.4441984375 0.33200859375
vt 0.44485234375 0.3203125
vt 0.45751182385113304 0.3335019134180849
vt 0.45685791760113303 0.3451980071680849
vt 0.4422448689714954 0.3435589085680911
vt 0.4441984375 0.33200859375
vt 0.21392122330583896 0.6551143472561762
vt 0.23282102589136913 0.6772377417059203
vt 0.2321645056505501 0.6781416715060438
vt 0.20527994780045752 0.667012086205773
vt 0.24385575941398546 0.8172110294558053
vt 0.20398509635852669 0.8240251767697915
vt 0.20565047359209485 0.8030709395785319
vt 0.24394427087774828 0.8160973537260982
vt 0.23558359375 0.6359683610820358
vt 0.229346875 0.5803621110820358
vt 0.262840625 0.5803621110820358
vt 0.25660390625 0.6359683610820358
vt 0.598778125 0.328125
vt 0.59254140625 0.3671875
vt 0.57152109375 0.3671875
vt 0.565284375 0.328125
vt 0.38402109375 1
vt 0.3856 0.9921875
vt 0.4034625 0.9921875
vt 0.40504140625 1
vt 0.4347125 0.9921875
vt 0.43313359375 1
vt 0.41842890625 1
vt 0.41685 0.9921875
vt 0.44485234375 0.3203125
vt 0.4441984375 0.33200859375
vt 0.4308015625 0.33200859375
vt 0.43014765625 0.3203125
vt 0.4520109375 0.796875
vt 0.45266484375 0.8046875
vt 0.43796015625 0.8046875
vt 0.4386140625 0.796875
vt 0.2696731008173614 0.5643487918839449
vt 0.24066624344749904 0.5620576469135342
vt 0.24049174434944987 0.5609541715060438
vt 0.26737630219954245 0.549824586205773
vt 0.24394427087774828 0.816097353726098
vt 0.20565047359209485 0.8030709395785319
vt 0.2171080084875536 0.7854477040153045
vt 0.2445532159048986 0.815160714060023
vt 0.25660390625 0.6359683610820358
vt 0.262840625 0.5803621110820358
vt 0.29550217114861355 0.5877819960032786
vt 0.27710193668185756 0.640625
vt 0.3555132322776471 0.969892838256494
vt 0.3278567952897549 0.9939512672870224
vt 0.3115634885156524 0.9806703903595511
vt 0.3295514896172991 0.9487310990297582
vt 0.5731265183512886 0.9102309235425006
vt 0.5797456548942191 0.90625
vt 0.5918865321349515 0.919352213785291
vt 0.5874137140755338 0.925649405177693
vt 0.49056684510578086 0.40306322714603315
vt 0.4839477085628502 0.40704415068853383
vt 0.47395314980563086 0.3962582047531442
vt 0.47842596786504854 0.3899610133607422
vt 0.43014765625 0.3203125
vt 0.4308015625 0.33200859375
vt 0.41748817614886696 0.3335019134180849
vt 0.4155346076203624 0.3219515985999938
vt 0.4308015625 0.33200859375
vt 0.4327551310285046 0.3435589085680911
vt 0.41814208239886697 0.3451980071680849
vt 0.41748817614886696 0.3335019134180849
vt 0.26737630219954245 0.549824586205773
vt 0.24049174434944987 0.5609541715060438
vt 0.23983522410863087 0.5600502417059203
vt 0.25873502669416104 0.5379268472561762
vt 0.2445532159048986 0.815160714060023
vt 0.2171080084875536 0.7854477040153045
vt 0.23558359375 0.7754224216348562
vt 0.24553515625 0.8146278903848562
vt 0.3166480633181425 0.859375
vt 0.29824782885138645 0.8065319960032786
vt 0.330909375 0.7991121110820358
vt 0.33714609375 0.8547183610820358
vt 0.3295514896172991 0.9487310990297582
vt 0.3115634885156524 0.9806703903595511
vt 0.29176015625 0.973621875
vt 0.297996875 0.9375
vt 0.5874137140755338 0.925649405177693
vt 0.5918865321349515 0.919352213785291
vt 0.6082562499999999 0.9265007271460333
vt 0.60667734375 0.9340616646460332
vt 0.47842596786504854 0.3899610133607422
vt 0.47395314980563086 0.3962582047531442
vt 0.46047734375 0.3903734375
vt 0.46205625 0.3828125
vt 0.683420417601133 0.7407394928319151
vt 0.6840743238511331 0.7524355865819151
vt 0.6707609375 0.75392890625
vt 0.6688073689714954 0.742378591431909
vt 0.6840743238511331 0.7524355865819151
vt 0.6860278923796377 0.7639859014000062
vt 0.67141484375 0.765625
vt 0.6707609375 0.75392890625
vt 0.25873502669416104 0.5379268472561762
vt 0.23983522410863087 0.5600502417059203
vt 0.23883984375 0.55954296875
vt 0.24563359375000002 0.53125
vt 0.24553515625 0.8146278903848562
vt 0.23558359375 0.7754224216348562
vt 0.25660390625 0.7754224216348562
vt 0.24665234375 0.8146278903848562
vt 0.33714609375 0.8547183610820358
vt 0.330909375 0.7991121110820358
vt 0.364403125 0.7991121110820358
vt 0.35816640625 0.8547183610820358
vt 0.297996875 0.9375
vt 0.29176015625 0.973621875
vt 0.27073984375 0.973621875
vt 0.264503125 0.9375
vt 0.60667734375 0.9340616646460332
vt 0.6082562499999999 0.9265007271460333
vt 0.6261187500000001 0.9265007271460333
vt 0.62769765625 0.9340616646460332
vt 0.46205625 0.3828125
vt 0.46047734375 0.3903734375
vt 0.44577265625 0.3903734375
vt 0.44419375 0.3828125
vt 0.21828984375 0.8671875
vt 0.2176359375 0.875
vt 0.2042390625 0.875
vt 0.20358515625 0.8671875
vt 0.6707609375 0.75392890625
vt 0.67141484375 0.765625
vt 0.65671015625 0.765625
vt 0.6573640625 0.75392890625
vt 0.24563359375 0.53125
vt 0.23883984375 0.55954296875
vt 0.23772265625 0.55954296875
vt 0.23092890625 0.53125
vn 0.16005857170169605 0.5828388012401403 0.7966681777212954
vn 0.4540957703692424 -0.14673932669780643 0.8787858677362983
vn -0.3823763327839554 -0.1079967685754751 -0.9176737100429264
vn 0.31330830695461415 -0.9486362836248712 -0.043898817565243116
vn -0.3133083069546144 -0.2879281387072132 -0.9049504360647787
vn -0.4889911186173576 0.3500315944958441 -0.7989778274570842
vn -0.4889911186173579 0.6811584751300015 -0.5448952355012076
vn -0.22179074499307477 -0.4771728413288131 -0.8503616553758784
vn 0.2772295783742435 0.6541679907005106 0.7037101681923431
vn 0.7865169457816581 0.055625863079014196 0.6150584178393199
vn -0.6622952359936757 -0.2784006000999781 -0.695599113170836
vn 0.5426659060787774 -0.8090122238280362 -0.2258604349515759
vn -0.5426659060787777 -0.4275521985040483 -0.7229888186784456
vn -0.8469574618952032 0.13211549182499666 -0.5149840333057666
vn -0.846957461895203 0.4632423724591539 -0.26090144134989024
vn -0.3841528389765571 -0.5760126216790469 -0.7215511457774028
vn 0.32011714340339187 0.7516054755347299 0.5767271656905585
vn 0.9081915407384851 0.3320618531558102 0.25480002160475973
vn -0.7647526655679108 -0.5111765628646532 -0.39223957230837203
vn 0.6266166139092285 -0.6182822111660423 -0.4744246268150108
vn -0.6266166139092287 -0.6182822111660422 -0.47442462681501074
vn -0.9779822372347154 -0.16556344031707868 -0.12704129597793834
vn -0.9779822372347153 0.16556344031707868 0.12704129597793834
vn -0.4435814899861489 -0.7110302725419394 -0.5455927173914656
vn 0.27722957837424356 0.8490429603689492 0.44974416318877375
vn 0.7865169457816578 0.6084978432326063 -0.10545837462980062
vn -0.6622952359936758 -0.743952525629328 -0.08888003144590795
vn 0.5426659060787774 -0.4275521985040487 -0.7229888186784456
vn -0.5426659060787775 -0.8090122238280362 -0.22586043495157584
vn -0.8469574618952032 -0.4632423724591543 0.2609014413498901
vn -0.8469574618952029 -0.1321154918249969 0.5149840333057667
vn -0.38415283897655716 -0.8460479234048325 -0.36963428900552814
vn 0.1600585717016961 0.9203721498293196 0.3567861536598215
vn 0.4540957703692426 0.8108630330094266 -0.36918582452677895
vn -0.3823763327839554 -0.914356357153831 0.13319456542618274
vn 0.31330830695461453 -0.28792813870721334 -0.9049504360647787
vn -0.3133083069546145 -0.948636283624871 -0.043898817565242776
vn -0.48899111861735767 -0.6811584751300018 0.5448952355012073
vn -0.48899111861735794 -0.3500315944958442 0.798977827457084
vn -0.22179074499307505 -0.9448877037550651 -0.24082377940705313
vn 0 0.9464804452031683 0.3227611606869889
vn 3.4928368898586123e-16 0.8849338333094021 -0.46571677086436086
vn -2.85572385681744e-16 -0.9767284883940026 0.21447950941655614
vn 2.2576569491283206e-16 -0.23682218584205417 -0.9715530105418806
vn -1.523588865209299e-16 -0.99974223649003 0.022703756911859385
vn -5.189419705175085e-16 -0.7609213046012301 0.6488441786777178
vn -2.363918001740588e-16 -0.42979442396707224 0.9029267706335952
vn 0 -0.981065574267725 -0.19367586061959113
vn -0.16005857170169588 0.9203721498293195 0.35678615365982136
vn -0.4540957703692423 0.8108630330094267 -0.3691858245267791
vn 0.3823763327839552 -0.9143563571538312 0.13319456542618277
vn -0.31330830695461426 -0.28792813870721307 -0.9049504360647789
vn 0.31330830695461404 -0.9486362836248712 -0.04389881756524272
vn 0.48899111861735733 -0.6811584751300018 0.5448952355012076
vn 0.4889911186173573 -0.3500315944958443 0.7989778274570843
vn 0.22179074499307477 -0.9448877037550655 -0.24082377940705235
vn -0.2772295783742436 0.8490429603689491 0.44974416318877364
vn -0.786516945781658 0.608497843232606 -0.10545837462980051
vn 0.6622952359936759 -0.7439525256293278 -0.088880031445908
vn -0.5426659060787775 -0.42755219850404835 -0.7229888186784456
vn 0.5426659060787777 -0.809012223828036 -0.22586043495157582
vn 0.8469574618952033 -0.46324237245915423 0.26090144134988963
vn 0.8469574618952033 -0.132115491824997 0.5149840333057665
vn 0.3841528389765571 -0.8460479234048323 -0.36963428900552875
vn -0.32011714340339203 0.7516054755347299 0.5767271656905585
vn -0.9081915407384851 0.33206185315581027 0.25480002160475973
vn 0.7647526655679108 -0.5111765628646531 -0.392239572308372
vn -0.6266166139092284 -0.6182822111660422 -0.474424626815011
vn 0.6266166139092286 -0.6182822111660424 -0.47442462681501074
vn 0.9779822372347153 -0.16556344031707865 -0.12704129597793834
vn 0.9779822372347153 0.16556344031707862 0.1270412959779383
vn 0.4435814899861491 -0.7110302725419392 -0.5455927173914655
vn -0.2772295783742437 0.6541679907005107 0.7037101681923431
vn -0.7865169457816582 0.05562586307901425 0.6150584178393198
vn 0.6622952359936759 -0.2784006000999783 -0.6955991131708357
vn -0.542665906078778 -0.8090122238280361 -0.22586043495157573
vn 0.5426659060787775 -0.4275521985040488 -0.7229888186784453
vn 0.846957461895203 0.13211549182499654 -0.5149840333057666
vn 0.8469574618952034 0.46324237245915395 -0.26090144134988974
vn 0.38415283897655755 -0.5760126216790475 -0.7215511457774019
vn -0.16005857170169602 0.5828388012401402 0.7966681777212954
vn -0.45409577036924276 -0.14673932669780637 0.8787858677362981
vn 0.38237633278395555 -0.10799676857547491 -0.9176737100429264
vn -0.31330830695461437 -0.948636283624871 -0.04389881756524261
vn 0.31330830695461437 -0.2879281387072133 -0.9049504360647788
vn 0.48899111861735806 0.3500315944958433 -0.7989778274570845
vn 0.48899111861735794 0.6811584751300017 -0.5448952355012072
vn 0.2217907449930741 -0.4771728413288123 -0.8503616553758792
vn 0 0.5567305058662915 0.8306931706941278
vn 0 -0.22081012699778169 0.9753168140738803
vn 0 -0.04562463733530354 -0.9989586540333
vn 0 -0.9997422364900301 0.022703756911858886
vn 0 -0.2368221858420541 -0.9715530105418807
vn 0 0.42979442396707246 -0.902926770633595
vn 0 0.7609213046012298 -0.6488441786777184
vn 0 -0.44099497081615396 -0.89750957416334
usemtl m_11845850-9d74-0af3-9624-28c2ed61c2c1
f 711/2777/713 712/2778/713 720/2779/713 719/2780/713
f 712/2781/714 713/2782/714 721/2783/714 720/2784/714
f 713/2785/715 714/2786/715 722/2787/715 721/2788/715
f 714/2789/716 715/2790/716 723/2791/716 722/2792/716
f 715/2793/717 716/2794/717 724/2795/717 723/2796/717
f 716/2797/718 717/2798/718 725/2799/718 724/2800/718
f 717/2801/719 718/2802/719 726/2803/719 725/2804/719
f 718/2805/720 711/2806/720 719/2807/720 726/2808/720
f 719/2809/721 720/2810/721 728/2811/721 727/2812/721
f 720/2813/722 721/2814/722 729/2815/722 728/2816/722
f 721/2817/723 722/2818/723 730/2819/723 729/2820/723
f 722/2821/724 723/2822/724 731/2823/724 730/2824/724
f 723/2825/725 724/2826/725 732/2827/725 731/2828/725
f 724/2829/726 725/2830/726 733/2831/726 732/2832/726
f 725/2833/727 726/2834/727 734/2835/727 733/2836/727
f 726/2837/728 719/2838/728 727/2839/728 734/2840/728
f 727/2841/729 728/2842/729 736/2843/729 735/2844/729
f 728/2845/730 729/2846/730 737/2847/730 736/2848/730
f 729/2849/731 730/2850/731 738/2851/731 737/2852/731
f 730/2853/732 731/2854/732 739/2855/732 738/2856/732
f 731/2857/733 732/2858/733 740/2859/733 739/2860/733
f 732/2861/734 733/2862/734 741/2863/734 740/2864/734
f 733/2865/735 734/2866/735 742/2867/735 741/2868/735
f 734/2869/736 727/2870/736 735/2871/736 742/2872/736
f 735/2873/737 736/2874/737 744/2875/737 743/2876/737
f 736/2877/738 737/2878/738 745/2879/738 744/2880/738
f 737/2881/739 738/2882/739 746/2883/739 745/2884/739
f 738/2885/740 739/2886/740 747/2887/740 746/2888/740
f 739/2889/741 740/2890/741 748/2891/741 747/2892/741
f 740/2893/742 741/2894/742 749/2895/742 748/2896/742
f 741/2897/743 742/2898/743 750/2899/743 749/2900/743
f 742/2901/744 735/2902/744 743/2903/744 750/2904/744
f 743/2905/745 744/2906/745 752/2907/745 751/2908/745
f 744/2909/746 745/2910/746 753/2911/746 752/2912/746
f 745/2913/747 746/2914/747 754/2915/747 753/2916/747
f 746/2917/748 747/2918/748 755/2919/748 754/2920/748
f 747/2921/749 748/2922/749 756/2923/749 755/2924/749
f 748/2925/750 749/2926/750 757/2927/750 756/2928/750
f 749/2929/751 750/2930/751 758/2931/751 757/2932/751
f 750/2933/752 743/2934/752 751/2935/752 758/2936/752
f 751/2937/753 752/2938/753 760/2939/753 759/2940/753
f 752/2941/754 753/2942/754 761/2943/754 760/2944/754
f 753/2945/755 754/2946/755 762/2947/755 761/2948/755
f 754/2949/756 755/2950/756 763/2951/756 762/2952/756
f 755/2953/757 756/2954/757 764/2955/757 763/2956/757
f 756/2957/758 757/2958/758 765/2959/758 764/2960/758
f 757/2961/759 758/2962/759 766/2963/759 765/2964/759
f 758/2965/760 751/2966/760 759/2967/760 766/2968/760
f 759/2969/761 760/2970/761 768/2971/761 767/2972/761
f 760/2973/762 761/2974/762 769/2975/762 768/2976/762
f 761/2977/763 762/2978/763 770/2979/763 769/2980/763
f 762/2981/764 763/2982/764 771/2983/764 770/2984/764
f 763/2985/765 764/2986/765 772/2987/765 771/2988/765
f 764/2989/766 765/2990/766 773/2991/766 772/2992/766
f 765/2993/767 766/2994/767 774/2995/767 773/2996/767
f 766/2997/768 759/2998/768 767/2999/768 774/3000/768
f 767/3001/769 768/3002/769 776/3003/769 775/3004/769
f 768/3005/770 769/3006/770 777/3007/770 776/3008/770
f 769/3009/771 770/3010/771 778/3011/771 777/3012/771
f 770/3013/772 771/3014/772 779/3015/772 778/3016/772
f 771/3017/773 772/3018/773 780/3019/773 779/3020/773
f 772/3021/774 773/3022/774 781/3023/774 780/3024/774
f 773/3025/775 774/3026/775 782/3027/775 781/3028/775
f 774/3029/776 767/3030/776 775/3031/776 782/3032/776
f 775/3033/777 776/3034/777 784/3035/777 783/3036/777
f 776/3037/778 777/3038/778 785/3039/778 784/3040/778
f 777/3041/779 778/3042/779 786/3043/779 785/3044/779
f 778/3045/780 779/3046/780 787/3047/780 786/3048/780
f 779/3049/781 780/3050/781 788/3051/781 787/3052/781
f 780/3053/782 781/3054/782 789/3055/782 788/3056/782
f 781/3057/783 782/3058/783 790/3059/783 789/3060/783
f 782/3061/784 775/3062/784 783/3063/784 790/3064/784
f 783/3065/785 784/3066/785 792/3067/785 791/3068/785
f 784/3069/786 785/3070/786 793/3071/786 792/3072/786
f 785/3073/787 786/3074/787 794/3075/787 793/3076/787
f 786/3077/788 787/3078/788 795/3079/788 794/3080/788
f 787/3081/789 788/3082/789 796/3083/789 795/3084/789
f 788/3085/790 789/3086/790 797/3087/790 796/3088/790
f 789/3089/791 790/3090/791 798/3091/791 797/3092/791
f 790/3093/792 783/3094/792 791/3095/792 798/3096/792
f 791/3097/793 792/3098/793 800/3099/793 799/3100/793
f 792/3101/794 793/3102/794 801/3103/794 800/3104/794
f 793/3105/795 794/3106/795 802/3107/795 801/3108/795
f 794/3109/796 795/3110/796 803/3111/796 802/3112/796
f 795/3113/797 796/3114/797 804/3115/797 803/3116/797
f 796/3117/798 797/3118/798 805/3119/798 804/3120/798
f 797/3121/799 798/3122/799 806/3123/799 805/3124/799
f 798/3125/800 791/3126/800 799/3127/800 806/3128/800
f 799/3129/801 800/3130/801 712/3131/801 711/3132/801
f 800/3133/802 801/3134/802 713/3135/802 712/3136/802
f 801/3137/803 802/3138/803 714/3139/803 713/3140/803
f 802/3141/804 803/3142/804 715/3143/804 714/3144/804
f 803/3145/805 804/3146/805 716/3147/805 715/3148/805
f 804/3149/806 805/3150/806 717/3151/806 716/3152/806
f 805/3153/807 806/3154/807 718/3155/807 717/3156/807
f 806/3157/808 799/3158/808 711/3159/808 718/3160/808